-- phpMyAdmin SQL Dump
-- version 5.2.1deb1
-- https://www.phpmyadmin.net/
--
-- Host: localhost:3306
-- Generation Time: May 04, 2025 at 04:43 PM
-- Server version: 10.11.11-MariaDB-0+deb12u1
-- PHP Version: 8.2.28

SET SQL_MODE = "NO_AUTO_VALUE_ON_ZERO";
START TRANSACTION;
SET time_zone = "+00:00";


/*!40101 SET @OLD_CHARACTER_SET_CLIENT=@@CHARACTER_SET_CLIENT */;
/*!40101 SET @OLD_CHARACTER_SET_RESULTS=@@CHARACTER_SET_RESULTS */;
/*!40101 SET @OLD_COLLATION_CONNECTION=@@COLLATION_CONNECTION */;
/*!40101 SET NAMES utf8mb4 */;

--
-- Database: `smart_door_db`
--

-- --------------------------------------------------------

--
-- Table structure for table `devices`
--

CREATE TABLE `devices` (
  `device_id` int(11) NOT NULL,
  `user_id` int(11) NOT NULL,
  `device_name` varchar(100) DEFAULT NULL,
  `device_model` varchar(100) DEFAULT NULL,
  `mac_address` varchar(50) DEFAULT NULL,
  `ip_address` varchar(50) DEFAULT NULL,
  `last_login` datetime DEFAULT NULL,
  `remember_me_expires` datetime DEFAULT NULL
) ENGINE=InnoDB DEFAULT CHARSET=utf8mb4 COLLATE=utf8mb4_general_ci;

-- --------------------------------------------------------

--
-- Table structure for table `doorbells`
--

CREATE TABLE `doorbells` (
  `doorbell_id` int(11) NOT NULL,
  `doorbell_name` varchar(100) NOT NULL,
  `doorbell_password` varchar(255) NOT NULL,
  `owner_user_id` int(11) NOT NULL,
  `enable_facial_recognition` tinyint(1) NOT NULL DEFAULT 1,
  `auto_delete_recordings` tinyint(1) NOT NULL DEFAULT 1,
  `created_at` datetime NOT NULL DEFAULT current_timestamp()
) ENGINE=InnoDB DEFAULT CHARSET=utf8mb4 COLLATE=utf8mb4_general_ci;

--
-- Dumping data for table `doorbells`
--

INSERT INTO `doorbells` (`doorbell_id`, `doorbell_name`, `doorbell_password`, `owner_user_id`, `enable_facial_recognition`, `auto_delete_recordings`, `created_at`) VALUES
(1, 'Front Door', 'temp123', 2, 1, 1, '2025-04-23 17:24:19'),
(5, 'Doorbell No. 2', 'password123', 2, 1, 1, '2025-04-28 21:35:24'),
(6, 'Back Door', 'password123', 4, 1, 1, '2025-05-04 12:43:49');

-- --------------------------------------------------------

--
-- Table structure for table `doorbell_logs`
--

CREATE TABLE `doorbell_logs` (
  `log_id` int(11) NOT NULL,
  `doorbell_id` int(11) NOT NULL,
  `user_id` int(11) DEFAULT NULL,
  `event_type` varchar(100) NOT NULL,
  `event_detail` varchar(255) DEFAULT NULL,
  `event_timestamp` datetime NOT NULL DEFAULT current_timestamp()
) ENGINE=InnoDB DEFAULT CHARSET=utf8mb4 COLLATE=utf8mb4_general_ci;

-- --------------------------------------------------------

--
-- Table structure for table `doorbell_tokens`
--

CREATE TABLE `doorbell_tokens` (
  `doorbell_token_id` int(11) NOT NULL,
  `token` char(36) NOT NULL,
  `doorbell_id` int(11) NOT NULL
) ENGINE=InnoDB DEFAULT CHARSET=utf8mb4 COLLATE=utf8mb4_general_ci;

--
-- Dumping data for table `doorbell_tokens`
--

INSERT INTO `doorbell_tokens` (`doorbell_token_id`, `token`, `doorbell_id`) VALUES
(1, 'feae910b-89cc-4306-82c9-5893f61842d5', 1);

-- --------------------------------------------------------

--
-- Table structure for table `face_profiles`
--

CREATE TABLE `face_profiles` (
  `face_id` int(11) NOT NULL,
  `doorbell_id` int(11) NOT NULL,
  `face_data` longblob DEFAULT NULL,
  `created_at` datetime NOT NULL DEFAULT current_timestamp(),
  `face_profile_name` varchar(100) DEFAULT NULL,
  `is_blocked` tinyint(1) NOT NULL DEFAULT 0
) ENGINE=InnoDB DEFAULT CHARSET=utf8mb4 COLLATE=utf8mb4_general_ci;

--
-- Dumping data for table `face_profiles`
--

INSERT INTO `face_profiles` (`face_id`, `doorbell_id`, `face_data`, `created_at`, `face_profile_name`, `is_blocked`) VALUES
(41, 1, 0x8004958b040000000000008c156e756d70792e636f72652e6d756c74696172726179948c0c5f7265636f6e7374727563749493948c056e756d7079948c076e6461727261799493944b0085944301629487945294284b014b80859468038c0564747970659493948c02663894898887945294284b038c013c944e4e4e4affffffff4affffffff4b0074946289420004000000000020288fafbf000000a00d229e3f000000c0b4e9a13f00000040fe2c953f00000040024dabbf000000e007fbaf3f000000e0f613a2bf000000203a199cbf000000808aefc73f000000e086d7b2bf000000408cd4c73f00000020ef1262bf000000e089bec3bf0000006009b75cbf000000c0ba36acbf000000e03dadb83f00000040e9c4b8bf00000040e952c4bf00000040838faebf00000060f04ca2bf000000207dba893f000000a0c8cc883f000000800e79a1bf000000a08872aa3f00000000fcdfcbbf000000607be4d7bf000000e08541a9bf0000004007fdc2bf000000807c7f7ebf000000609370b3bf000000a0177f9dbf00000040c520a13f000000002614c4bf000000a0c4cc753f000000e0b6c2af3f000000a008e5ba3f000000007e24563f00000080b59c64bf0000002046cdcd3f00000000f061b03f000000e0e48ac8bf000000005172a33f0000000040caad3f00000020added13f000000a021bac13f00000020b0d4b53f000000e069d270bf000000a09ed9adbf0000006050d1c13f000000c0c043cebf00000080901dbf3f00000060e06fc13f000000407653bf3f000000c0f8bcba3f000000006f4cb53f0000002085bbc2bf000000600e2a7b3f0000004041a2b63f000000e00427c5bf0000004022ab913f0000000088faa3bf00000080da40983f00000000497b863f00000000b74bacbf0000006007b2cd3f000000a006e0ba3f0000002045d2b5bf000000a09ff6b0bf0000006004f9c03f00000000547dc4bf000000c0132cabbf00000020e18a983f000000006135bbbf00000000e035c6bf000000a02335d1bf00000020c51cb73f00000040551bdf3f000000401e0ac73f000000a08856c9bf00000020fc259e3f000000a071419ebf00000080d69db3bf0000008084f7ad3f00000000d650ab3f000000405637babf00000000b15e913f00000000f2ed65bf00000080fe53963f000000c00a8dce3f00000020b29faa3f00000060921a99bf00000040da59bc3f000000602e9892bf000000e0b1e6ac3f000000201516a23f000000607bb299bf00000080e728babf00000060e9b265bf000000008e17c2bf00000040f7eaa9bf000000a0bcfda2bf00000060f3f5963f000000202683a03f00000080f7fcbd3f000000401e3fd1bf000000a0f7fdc33f000000e019298d3f000000a0b55cbfbf000000e026c2953f000000a0088ec33f000000402ef9babf000000a0bccaa6bf00000000b466c33f000000803bd6d0bf000000207291c63f00000040ae6ac13f000000a0149eb33f000000205473c53f000000408cb6b03f00000020c6059f3f0000002060256fbf000000204805a93f000000a09df9c6bf000000e080ccb1bf00000060d426b23f000000c09d09a6bf00000000771ab33f000000e0039f903f947494622e, '2025-04-16 19:30:32', 'saad', 0),
(42, 1, 0x8004958b040000000000008c156e756d70792e636f72652e6d756c74696172726179948c0c5f7265636f6e7374727563749493948c056e756d7079948c076e6461727261799493944b0085944301629487945294284b014b80859468038c0564747970659493948c02663894898887945294284b038c013c944e4e4e4affffffff4affffffff4b00749462894200040000000000608cd2b4bf0000002060c4a33f000000007133943f000000e0b3fd923f00000040a113acbf000000c09548ab3f000000400a0ea1bf0000004052cfa4bf000000a02395c83f00000000c7bcacbf00000000ea63c73f000000e04b8c84bf00000060193ac4bf0000000043a28abf00000000c6ad9ebf0000004016d3b43f00000020fdcdb7bf00000020d879c4bf000000c08145b3bf000000c0a040a0bf00000080aa8e6f3f000000a08f63553f000000402ef289bf000000c0d24ead3f0000000059d3c9bf00000080564bd9bf000000602c76abbf00000000cc7cc3bf000000001a1a92bf000000c0fc32b4bf000000200d3294bf00000060082ba13f000000009ee5c6bf0000002020f991bf000000008b53a63f000000c022eab43f000000e0e6b258bf00000000cf387abf00000080373fce3f000000a0cbb3ac3f00000000ec67c6bf00000040c7ba9b3f00000040c73dab3f00000080b870d13f000000e04518c03f0000002097e5b43f00000000fa5970bf00000000ecd2a8bf000000a0c3f1be3f000000605ffecebf00000060f700c03f00000040bfa6c13f00000040eeb8bc3f00000000a377b73f000000609302b83f0000006082fdc0bf000000805a03713f00000000ac3fb33f000000002a50c5bf00000000385c963f000000207434a0bf00000080f9ef963f00000000a97795bf0000004073e3b3bf00000020c54ad03f00000040ce3ec03f000000c037c0b3bf000000e0e93baebf000000203ae4bb3f00000060694bc1bf00000020d1caa6bf00000020eb5c953f00000080a367bcbf000000a01b0bc7bf00000040836ed1bf00000040bda6bb3f0000008032badd3f00000020f835c63f000000a0b30ecabf000000e0772d9e3f000000800c08a9bf000000a04adcafbf00000000fc99aa3f000000a0e526a43f0000006071e4b9bf000000e008bb913f0000000023be50bf000000a0157ca13f00000020ef17cb3f000000e01f79a93f0000002072a3a1bf000000a0bc0abf3f00000020607095bf000000c03ee8aa3f000000c0ce35a23f000000e016a69dbf00000000b192b6bf00000040c4ff90bf000000e02dcfc1bf00000020fbe0a0bf00000060e78181bf000000a0cf07a23f000000209f9d9e3f00000020e62eba3f000000209122d0bf00000000cd8abf3f000000201171933f00000000819dbfbf00000080106ca03f000000a0799cc13f00000020f1afbbbf00000080603eb1bf00000000f2ffc03f0000008037dcd1bf000000c0ecd6c63f000000200a32bf3f000000c0ace0aa3f000000c09640c63f00000060dbc5a63f0000004025f7a33f00000000985987bf000000a03d48b13f00000060a8cec4bf00000080b5ceaebf000000e0311cb83f000000a0f20b85bf0000006073a2ad3f00000020fd7d913f947494622e, '2025-04-16 19:30:44', 'saad', 0),
(43, 1, 0x8004958b040000000000008c156e756d70792e636f72652e6d756c74696172726179948c0c5f7265636f6e7374727563749493948c056e756d7079948c076e6461727261799493944b0085944301629487945294284b014b80859468038c0564747970659493948c02663894898887945294284b038c013c944e4e4e4affffffff4affffffff4b00749462894200040000000000608cd2b4bf0000002060c4a33f000000007133943f000000e0b3fd923f00000040a113acbf000000c09548ab3f000000400a0ea1bf0000004052cfa4bf000000a02395c83f00000000c7bcacbf00000000ea63c73f000000e04b8c84bf00000060193ac4bf0000000043a28abf00000000c6ad9ebf0000004016d3b43f00000020fdcdb7bf00000020d879c4bf000000c08145b3bf000000c0a040a0bf00000080aa8e6f3f000000a08f63553f000000402ef289bf000000c0d24ead3f0000000059d3c9bf00000080564bd9bf000000602c76abbf00000000cc7cc3bf000000001a1a92bf000000c0fc32b4bf000000200d3294bf00000060082ba13f000000009ee5c6bf0000002020f991bf000000008b53a63f000000c022eab43f000000e0e6b258bf00000000cf387abf00000080373fce3f000000a0cbb3ac3f00000000ec67c6bf00000040c7ba9b3f00000040c73dab3f00000080b870d13f000000e04518c03f0000002097e5b43f00000000fa5970bf00000000ecd2a8bf000000a0c3f1be3f000000605ffecebf00000060f700c03f00000040bfa6c13f00000040eeb8bc3f00000000a377b73f000000609302b83f0000006082fdc0bf000000805a03713f00000000ac3fb33f000000002a50c5bf00000000385c963f000000207434a0bf00000080f9ef963f00000000a97795bf0000004073e3b3bf00000020c54ad03f00000040ce3ec03f000000c037c0b3bf000000e0e93baebf000000203ae4bb3f00000060694bc1bf00000020d1caa6bf00000020eb5c953f00000080a367bcbf000000a01b0bc7bf00000040836ed1bf00000040bda6bb3f0000008032badd3f00000020f835c63f000000a0b30ecabf000000e0772d9e3f000000800c08a9bf000000a04adcafbf00000000fc99aa3f000000a0e526a43f0000006071e4b9bf000000e008bb913f0000000023be50bf000000a0157ca13f00000020ef17cb3f000000e01f79a93f0000002072a3a1bf000000a0bc0abf3f00000020607095bf000000c03ee8aa3f000000c0ce35a23f000000e016a69dbf00000000b192b6bf00000040c4ff90bf000000e02dcfc1bf00000020fbe0a0bf00000060e78181bf000000a0cf07a23f000000209f9d9e3f00000020e62eba3f000000209122d0bf00000000cd8abf3f000000201171933f00000000819dbfbf00000080106ca03f000000a0799cc13f00000020f1afbbbf00000080603eb1bf00000000f2ffc03f0000008037dcd1bf000000c0ecd6c63f000000200a32bf3f000000c0ace0aa3f000000c09640c63f00000060dbc5a63f0000004025f7a33f00000000985987bf000000a03d48b13f00000060a8cec4bf00000080b5ceaebf000000e0311cb83f000000a0f20b85bf0000006073a2ad3f00000020fd7d913f947494622e, '2025-04-16 19:30:58', 'saad', 0),
(44, 1, 0x8004958b040000000000008c156e756d70792e636f72652e6d756c74696172726179948c0c5f7265636f6e7374727563749493948c056e756d7079948c076e6461727261799493944b0085944301629487945294284b014b80859468038c0564747970659493948c02663894898887945294284b038c013c944e4e4e4affffffff4affffffff4b00749462894200040000000000c0b383b3bf000000005620b23f000000202f94a83f000000a007a85a3f000000c09b7fb1bf000000e0dbe1b43f00000060079495bf000000a07bb87bbf000000804832cc3f000000209e1eb0bf000000a0b27ec83f00000080b48896bf000000604addcbbf000000a016c0a43f00000040b354b0bf00000000b780bc3f000000205522b9bf000000a05359c4bf0000006065a3a4bf0000008025dcabbf00000040508d983f00000000aa72a13f0000008068d399bf0000000097ffa13f000000c04cb0c8bf0000002098b4d6bf000000806081b4bf00000060fdb0c3bf000000a0533c8ebf00000080d0c4b7bf000000e02fe7a5bf0000004080959d3f0000000044f7c2bf00000000917091bf000000e0e9b3ac3f00000040ad71b23f000000406150a3bf000000208b3a71bf000000e0ada0cc3f000000e04181a63f00000060ffc2c4bf000000e0e0d9603f00000060cdabbb3f000000007037d03f000000e0b85fc23f00000040e9a5bc3f00000080e9b997bf000000a02554b1bf00000080c396b23f000000a0ee94cfbf000000200681bf3f00000020496bc23f00000060aff6bb3f000000c04385c13f000000a0dac6ba3f000000205ae3c5bf000000409aa98ebf0000002099f6b53f00000020e379c3bf000000c0e80aa33f000000e049019bbf000000602a16963f000000c0f137763f000000a00fa8a1bf00000000c846d13f000000e0f176c03f000000208b18b7bf000000007af8b3bf00000080cb9fc33f000000e06859c2bf000000206bdbb0bf000000e04e35aa3f000000407000bbbf000000e09789c4bf00000080bfb2cdbf000000207d87b53f000000801ba1df3f000000c020d7c23f000000802fe5c1bf00000060bff1a33f000000e0523ba1bf00000000b272b9bf000000e0860a9d3f000000e02490a43f0000002093ccc0bf000000c0974188bf00000060686084bf000000c0f50aa93f000000c09d5ecb3f000000e0febea03f000000a0357f96bf000000802dc4bc3f0000008018d9a4bf000000a02a60b53f000000c029fea03f000000c0c5de953f000000202986b9bf000000a0a80254bf00000000628ac2bf000000c05502b1bf00000040cbf58fbf000000c0824e833f000000e04f13943f000000406beec03f000000a04fb6ccbf00000080cf2eba3f000000203d9d873f000000008cd0bdbf000000a0d4698dbf000000e028c7c13f000000a0145fb8bf000000807c2391bf00000080adeec33f000000e0219fd1bf000000e0f3f2c73f000000807efaba3f000000c08d2b903f00000060683fc23f000000c09965b03f000000609048a53f000000a099ab923f000000a0c829753f00000060cd94c8bf000000c070f3acbf00000040bf84b33f00000000503c9dbf00000080442ab33f0000008090b0a23f947494622e, '2025-04-16 19:31:11', 'saad', 0),
(45, 1, 0x8004958b040000000000008c156e756d70792e636f72652e6d756c74696172726179948c0c5f7265636f6e7374727563749493948c056e756d7079948c076e6461727261799493944b0085944301629487945294284b014b80859468038c0564747970659493948c02663894898887945294284b038c013c944e4e4e4affffffff4affffffff4b0074946289420004000000000080f4efb0bf000000a06869b13f000000601406b33f000000802ce8963f0000002092b7b4bf000000403ddba73f000000e0c3a995bf000000408f7b943f00000060a450c53f00000060dd44b0bf000000201cd7c83f0000006011b595bf00000080d282c8bf000000805bed723f000000e061ea91bf00000040b9e4b93f0000004001a2b2bf0000000007e3c0bf000000805d2db6bf000000a0414da0bf00000040ac75913f0000006060129f3f0000008089989dbf000000602db7a33f000000807321c9bf000000c0d695d7bf0000006004c6a6bf000000204759c3bf0000006017f1a3bf000000c02954acbf000000c0847da7bf000000a04f62a63f000000408800c3bf00000060c1fda0bf000000805137b13f000000603e48bc3f0000004059cd8ebf0000008028fa753f000000405f8cca3f000000c0cbd6a73f000000a0b34cc6bf000000204c339f3f000000a008fbb53f000000a0099dd03f000000e037f2c03f00000000a4f6ba3f000000009c97843f000000a0875e9fbf000000a01ee9b73f000000205b6ed0bf00000060df00c03f000000c050bbc03f00000040bd87c13f000000c0671dbc3f000000808981be3f000000604b31c4bf00000060f679923f00000020c0ceb03f000000600810c3bf000000a01c1e803f00000040950b9fbf000000e0e994963f00000020371284bf000000a093e2a9bf000000a0b717d03f000000c07d77b83f000000c0bf3fb3bf000000e0ece9b0bf000000e00ce9bc3f000000e02f62c3bf000000801976b0bf000000a00858ac3f000000e00f73bfbf000000a01712c3bf000000800fe6d0bf000000402ed3b73f00000020aac1de3f000000c0f0c1c63f000000c0c4aac6bf00000040d12da13f000000600ee3a8bf0000006064dcb4bf00000060cfd6a23f000000409d18a33f000000001efab5bf00000000d610823f00000020582e89bf00000020dfd1aa3f000000807ef4cb3f000000c078597b3f00000040acd787bf0000008004ffbf3f000000e05112703f000000607f65af3f00000080d047763f000000009d5fb1bf000000806c02b0bf000000005c288abf000000e0c322c0bf000000404870a4bf000000805f0b75bf000000e03ea7823f00000020f1dc7e3f000000006ef3b73f000000a02a68d2bf000000603ea4b53f0000008023647e3f000000804290bdbf000000e03751903f000000c052fbc03f000000802430c0bf000000009fb7a2bf00000080a41ac43f000000e0e189d1bf000000a018a9c43f000000a09c1cc33f000000c06a849c3f000000c03fa3c03f000000c016cab23f000000e081bd8e3f00000040da5ba03f000000a0521c953f00000060dc03c7bf000000a096fbb2bf000000203c98b73f00000080c5d6a0bf000000004191ab3f000000801dbc9b3f947494622e, '2025-04-16 19:31:25', 'saad', 0),
(46, 1, 0x8004958b040000000000008c156e756d70792e636f72652e6d756c74696172726179948c0c5f7265636f6e7374727563749493948c056e756d7079948c076e6461727261799493944b0085944301629487945294284b014b80859468038c0564747970659493948c02663894898887945294284b038c013c944e4e4e4affffffff4affffffff4b00749462894200040000000000009940b6bf000000205909b63f000000604c66a83f0000002040b2943f000000a0fbe1b6bf000000e02100b23f0000006001f3a1bf00000000c6d1873f000000003321c63f00000080be0daabf000000c0bb16c83f000000c00d649cbf000000007054cbbf000000c030729e3f000000604dfeafbf000000407c17b63f000000207047b5bf0000002096b8c5bf00000000cfa1adbf00000000a914a9bf000000c0250da43f000000a0731d9a3f000000a0dbbf9abf000000c0acae9c3f0000002073e2c7bf000000c0d169d7bf000000406985aabf00000000f204c5bf000000c0a52377bf000000a005c9bbbf00000060f8d394bf000000e0a8e89c3f0000000012b6c2bf00000000c03159bf000000e0c631a53f00000080592ab13f00000020217099bf000000409f1464bf00000020b68dcf3f000000c09d8ca43f000000005606c8bf000000604f0d913f00000020ca78b63f000000e0fde1d03f000000e0ae46c23f000000209d87b83f000000a04b7281bf000000007ba3a4bf000000c0fe2cb43f000000605508cebf00000000beb4bb3f00000040a097c63f000000e0e1a0c23f000000400de0bb3f000000007764b93f000000808000c4bf000000603860663f000000c0beffb13f000000209b34c2bf00000000bb5b913f00000000408c9ebf000000a03239a03f000000e081b167bf000000a0b69ba3bf000000e0b0c6d03f00000040a12eb93f00000040b82ab2bf000000201ee1b4bf000000e03edac33f000000e02fbdc3bf000000a01288b3bf000000005d05b33f000000a0f80fc0bf0000002018e5c3bf000000808e6dccbf000000608969b73f000000c09611df3f000000807619c23f000000a0c043c4bf00000000f6d5a83f000000e09dc79fbf000000a0a745b7bf00000020c4b9953f000000200c52a53f0000004091a7c2bf00000040076881bf000000207f5c8bbf00000040c21ca13f0000002032e7cc3f000000600e509c3f000000e014a1a0bf000000002acdb73f00000080b0f159bf00000040165cb03f00000020afd7a73f000000601212a0bf000000a09347b0bf0000002078a093bf00000020a458c0bf0000004056e8a9bf000000a0ab1e97bf000000a0920094bf000000c0d7058abf00000020224cbf3f00000040934bcfbf000000806b8ab53f00000080b1f5703f000000e06399bebf00000000477890bf00000060a03dc33f0000008060fab8bf00000040e6e1a1bf000000e0b756c43f00000060ac3ed1bf000000602eb2c63f000000002f45c13f000000a0b16aa03f0000006024b2bf3f00000060ccf2b33f00000000dbf9a13f00000080a4289a3f000000402ba5a13f000000c04e33c8bf00000020b1e9b3bf000000e01af8b53f000000c0e287a3bf000000c061c0a73f000000606bee943f947494622e, '2025-04-16 19:31:38', 'saad', 0),
(47, 1, 0x8004958b040000000000008c156e756d70792e636f72652e6d756c74696172726179948c0c5f7265636f6e7374727563749493948c056e756d7079948c076e6461727261799493944b0085944301629487945294284b014b80859468038c0564747970659493948c02663894898887945294284b038c013c944e4e4e4affffffff4affffffff4b0074946289420004000000000060bfc2b3bf00000020f14cb63f000000a0057eb03f00000000214394bf00000040f4c0b6bf000000e06325a63f00000000ac0993bf000000608ee399bf000000c0bee2ce3f00000080d52eb5bf00000040e8becb3f00000060bfa890bf000000c076c5c9bf000000e07f6d7bbf000000a0d0a1b4bf00000000c3cdbc3f00000040039db8bf000000e0d7bec2bf00000060ed8b9dbf000000e0c085a7bf000000e0ad7f8c3f000000808fa7a13f000000e0e2b0803f000000a0feeda43f00000000365fc5bf000000a0015dd6bf000000e032ecb8bf000000e033d7c4bf000000e0f69d95bf000000c0fa7fbabf0000002000d87ebf000000004bcfb13f000000205dc5c2bf00000020415091bf00000040dca9823f000000202c82a93f000000c0bf6f783f00000020be9d923f000000406f40ca3f000000c06e92963f000000408693c5bf00000000642391bf00000000eb21b33f00000060c2adcf3f000000403e15c03f000000c04c44ae3f000000e031816e3f0000000085e9b2bf0000008002e5b43f000000a07ad6c5bf00000080144bbb3f000000401ef3bd3f00000080eea6bd3f000000609f16b33f00000080e421b73f000000602377c2bf00000060d7f1a0bf00000000d2f2b33f00000000aa01c1bf00000000ea519d3f000000406da6a1bf000000c0793ca63f000000c094be9ebf00000080706c95bf000000a07e05d03f00000040d425bc3f00000080d2b6b3bf0000006014e1b7bf000000e0a52bc73f000000e0ab5cc2bf0000000037c9afbf00000080736ab03f000000e0284ac1bf000000802cbac0bf000000a05d61cfbf00000060af33ae3f000000e06418e03f000000e00c8cb43f00000060ba5dc2bf000000a0086daa3f000000e0cd20acbf000000c0a128bbbf00000020a48d7ebf00000040cdfcab3f00000000989ec3bf0000000062f2a13f00000020c77a96bf00000060c804b03f00000000aa16cb3f000000a07156913f00000020b30aa3bf000000c024cdbf3f00000020dea597bf000000808e1ab63f00000040986fa43f00000000ee0890bf00000020d155a9bf00000040fcd666bf00000080d767c3bf000000c07de8a6bf000000a04b3188bf000000402e8b98bf00000020d23ea0bf00000040ff98ba3f000000609040ccbf0000000090e3b53f000000c01d4caa3f000000a09dacb8bf00000000ebf397bf000000005196c43f000000e008b0bebf00000040fb5ca9bf00000080fa43c73f000000e07730cebf000000005f58c53f000000201743b73f000000a07004a43f000000e081a5c13f000000806410b23f00000040e4afac3f00000020d3c3923f000000c0d1737bbf000000400b10c2bf0000000014c9a4bf000000c08430b93f00000060e8e1a8bf000000403aa7b33f000000e05e68a43f947494622e, '2025-04-16 19:31:51', 'saad', 0),
(48, 1, 0x8004958b040000000000008c156e756d70792e636f72652e6d756c74696172726179948c0c5f7265636f6e7374727563749493948c056e756d7079948c076e6461727261799493944b0085944301629487945294284b014b80859468038c0564747970659493948c02663894898887945294284b038c013c944e4e4e4affffffff4affffffff4b00749462894200040000000000c0e083b4bf000000c05304bb3f00000060568eb33f00000020842eb1bf000000e09a1cbdbf000000a0ab3dac3f0000000044fcb1bf00000000824ca8bf000000c0db33c53f000000007b5cb2bf000000808dedcc3f00000080b98ca83f000000605707c7bf00000060aa87a6bf00000020dc97a93f000000a0b383c13f00000020d94cc7bf000000e03f9db3bf000000a01eb5c3bf00000080a55a95bf000000406b8cb1bf000000604f25863f000000a053a07c3f00000060c6d9aa3f000000a0885ec3bf000000400290d4bf000000c04724b9bf000000e0469cb3bf000000808cd3ac3f000000c02a84b6bf0000002044116fbf000000401446963f000000a0f057c3bf0000008009b7b4bf000000a02004b33f000000808929be3f000000e07675c0bf00000080ac2db9bf000000804f0dca3f00000020590998bf00000060422ec8bf000000602ab0a73f000000c0a03daa3f00000080318ac83f00000040bbb2cc3f000000c01e539c3f000000c0a6cba13f000000a053dca0bf000000c02d9ac43f00000060ed8fd1bf000000202b8d8f3f00000060c8b6c33f00000060c020bb3f00000040b88cbb3f0000002006c9b13f000000e073b5c6bf00000000a8f6a53f000000e0b6d7c73f000000603465c7bf00000040860a973f000000608a5a923f000000409d1cbfbf000000402acc9cbf000000e08d51883f000000403ac0c13f000000204176bc3f00000000fb7bc0bf000000a0d623c5bf00000080a1e7c53f000000e0c321bebf00000040ce00b03f000000406dc4c33f00000000db9abebf000000a0eceecdbf00000000c2fdcabf000000008e71b93f00000040ee96d93f000000205769c33f00000020565ec2bf00000020931cafbf000000602363a7bf00000000ea9d9ebf00000000fc519fbf000000e0d39db23f00000020f84ab2bf00000040adddbcbf00000040ddb6abbf000000e0d04da43f00000040ad3ac73f00000040770842bf000000a0da9eae3f00000000b00fcf3f000000804ba0ab3f000000600072923f000000e0b727833f000000204b95ac3f000000a07f21b6bf0000000051c866bf0000006043efb7bf000000a02273a73f0000008056cda93f000000a0af6fb5bf000000806593a13f000000e05778b83f000000807218c3bf000000a07052c43f0000006064bf9bbf000000608b2f97bf0000004089c19a3f00000000afd5633f000000606e51b6bf000000a0106bb1bf000000a05841cb3f000000809a5cd1bf00000060ca79c53f000000802121cc3f0000006004f290bf000000a0b3dabd3f000000a05a41b43f000000c0a10fb83f000000a0681c883f000000e09e08a0bf000000a06014c3bf00000060d37fb1bf000000c0e20d923f00000000e5feb2bf00000000e22e96bf000000a0725e9fbf947494622e, '2025-04-16 19:31:57', 'saad', 0),
(49, 1, 0x8004958b040000000000008c156e756d70792e636f72652e6d756c74696172726179948c0c5f7265636f6e7374727563749493948c056e756d7079948c076e6461727261799493944b0085944301629487945294284b014b80859468038c0564747970659493948c02663894898887945294284b038c013c944e4e4e4affffffff4affffffff4b00749462894200040000000000006e91b7bf00000060f4ebb43f000000409555bb3f000000608c97823f000000c0bc72a7bf000000008bbab03f000000204f7dacbf00000020a82aa4bf00000000bb00c23f00000080e55badbf000000204c71c33f00000000859aa13f000000005c8bcabf0000006033858fbf00000080c3fd673f0000006006a5aa3f000000a08390b3bf000000807c1ec3bf000000805fc5b1bf00000080910ba6bf000000804a50a53f0000004009569b3f000000608aec8b3f000000408131703f000000805cfbc8bf00000060be4ad7bf00000060103fbfbf0000008024a9c2bf000000c06c9b8dbf00000000b82bb3bf000000c0d731a5bf000000c0110695bf000000208552c5bf00000040187d8dbf000000e0b2daa73f000000c0c598b43f0000008079fe773f000000002f1e79bf000000c0d8b6c73f000000c02a55a33f000000a03c36c4bf000000e0980b933f000000002136b33f00000040605dd03f000000604349c13f000000602cafb43f00000020c5fb823f000000c05bd8abbf000000006680ae3f000000802b47cebf000000206de7c33f000000008fdbc13f00000000c93bc23f00000000a927b83f0000008028dac13f000000608315c3bf0000006041f09d3f000000e007b6aa3f0000004013c4c5bf00000000347dac3f00000040b3cf85bf000000c04cec90bf00000020930093bf00000020cff8a0bf00000000509bcf3f000000c0f0cdc13f00000060ec8ab4bf0000004023b8c0bf000000c0a6cdb93f000000c02374c1bf000000e03733a3bf000000806c9db33f00000080071ec0bf000000e04e62c0bf000000600cc1d1bf000000000f48b43f000000a09a2ee03f000000c0671cc33f00000040e485c9bf000000c076c4a23f00000000551fc2bf000000405ac0b3bf000000c0b379a23f000000c00326873f000000a06438bfbf00000080560c983f00000020bf61a1bf000000a08c8ab23f0000002079becb3f00000040523e7d3f00000060533aa3bf000000603952bc3f00000040006d57bf000000a0c9f2ad3f0000006039a5a43f0000006019df98bf00000020540db6bf000000e0d694a4bf0000004063f5c0bf00000060a494aabf00000000082c9bbf000000e087479ebf00000020129e843f00000080abddbd3f000000809a72d1bf000000007214b63f000000c09047a53f000000c065bec3bf00000000be8b853f0000002098acba3f000000a02c97c5bf000000c02eccaabf000000e03195c43f00000080579bd5bf000000000532c63f000000c08c91c43f000000a0cfa6963f000000a00845c03f000000e012e8ac3f00000060aedfaa3f00000080384c81bf00000020a7a4933f000000a03f26c1bf000000e08e84a9bf00000060661ab53f000000c0331690bf000000a04f9ba73f000000c0c625963f947494622e, '2025-04-16 19:32:10', 'saad', 0),
(50, 1, 0x8004958b040000000000008c156e756d70792e636f72652e6d756c74696172726179948c0c5f7265636f6e7374727563749493948c056e756d7079948c076e6461727261799493944b0085944301629487945294284b014b80859468038c0564747970659493948c02663894898887945294284b038c013c944e4e4e4affffffff4affffffff4b00749462894200040000000000809f08b5bf000000a015abb93f00000060f461b43f0000008022bc87bf000000406fb3b3bf00000080d0d2a13f00000060fd97aabf00000040e77053bf000000e066d0c73f000000402f5faebf000000c01a79c83f00000080205b94bf00000020e56fcbbf000000a09a28573f000000805d71b3bf000000807c78c13f000000201969c1bf000000e0f6d9c1bf000000606a39a2bf000000c06a699fbf00000020c0b6a23f000000c09527a43f000000e09a857cbf000000207455ae3f000000c05050c2bf00000020afd1d8bf00000060e1efa9bf000000a0b03ec3bf000000c0d26ca9bf00000040fd4aaebf000000c085caaabf000000a0f863a73f000000009ae0c0bf00000060b01f91bf000000c077149e3f000000a0cc08b03f000000c08ecd9c3f000000e04ae8a43f00000060c2ccca3f0000006047e4a13f00000080d189c8bf000000a00c72a03f0000006094cab33f000000203e26d13f000000809fffc43f000000601feeb43f000000003248763f000000a0bfb8b3bf000000001607bc3f00000080ca03cbbf000000202f2bb53f000000004eb0c33f00000060ff00c03f00000020a405b33f000000209990b23f00000080ae81c0bf00000080219a9cbf000000e0d44fb03f000000204ad9c4bf000000803091853f000000c090048abf0000006030018b3f0000004072e6913f000000406862b2bf00000020b27fcf3f000000e036aeb53f00000040b246bbbf000000c055acbcbf00000020a91dbf3f00000060e58bc6bf000000e02093b6bf00000060453fa33f000000a00f7bc0bf000000c02ac6c0bf000000404e71d4bf000000204482aa3f0000004036fbdc3f00000080592fc13f00000060cf9ec5bf000000406704a33f000000801fbbb0bf0000000054e2bcbf000000a01027893f000000207107b33f00000000dfbabebf000000e017f4a43f00000080e396a2bf000000a0d4e8a03f00000000b1fcca3f000000003159933f00000020102d98bf000000401a68c13f00000000fe5353bf00000040b9a1bb3f00000060a34b903f000000c032038d3f00000020f5bcb8bf000000e0e95786bf000000a0583fc6bf000000800a7d95bf00000080c5e8b5bf00000040ae00843f000000c0923e6c3f00000080b40bbd3f000000e081feccbf00000040c76ab83f000000c0e07771bf000000c05081b7bf000000a031d3abbf000000802b37c33f00000040095dbebf000000e0b748b0bf00000020e1e8c43f000000004992cbbf00000080932bc13f000000807583c13f000000c0896eb43f000000c0652abe3f00000020b9b6b43f000000205f76953f000000c0c8fd95bf0000000053ce873f000000a08a03c6bf000000006f54a6bf0000008048b5b73f000000208f2bacbf000000e079afb73f00000060a901a73f947494622e, '2025-04-16 19:32:23', 'saad', 0),
(51, 1, 0x8004958b040000000000008c156e756d70792e636f72652e6d756c74696172726179948c0c5f7265636f6e7374727563749493948c056e756d7079948c076e6461727261799493944b0085944301629487945294284b014b80859468038c0564747970659493948c02663894898887945294284b038c013c944e4e4e4affffffff4affffffff4b00749462894200040000000000e07758bebf000000206efbb53f000000c056f5bb3f000000c014ae763f000000600bd0aebf000000c06ad47b3f000000c0a291a6bf0000008091b29bbf000000608b9cb93f0000008048d0acbf0000000014d6c83f000000c00bb7a1bf000000a0e566c9bf000000c0af586a3f0000006008f5a4bf00000000a52ab73f000000e02813b3bf00000000dd09c6bf0000000009adb1bf000000407b9ea2bf00000000c4a1a53f000000a069c5633f000000c0dd7f7abf00000000b2d2aa3f000000607493c5bf000000200016d8bf00000020920fb2bf000000c00a68c4bf000000c0ff56a5bf000000001e03b0bf000000407a61a7bf00000080ad9c86bf00000060f813c6bf000000e072e892bf000000e0d45ba03f000000808d50b23f00000020ff449c3f000000e0d53080bf0000004082d5ca3f000000208bf09b3f00000020a7f8c8bf000000808959a13f000000c07807b83f000000e0e1d2d03f00000000f516c43f000000e0447ab73f00000060e496813f00000040e77ba9bf000000c050ebb43f000000804cdecbbf000000004dd2be3f00000020f348c13f000000a0d5e4c33f000000802139bc3f000000a09d6ab33f000000806b11c2bf000000a08a7da43f000000206015a33f00000060a967c3bf000000208e51863f00000000155aa1bf000000405493733f00000060a609943f0000006096aea7bf0000006089b0d03f000000602752b83f00000040229eb3bf00000080658bb5bf00000080ab10bc3f000000e00d1ac4bf0000008095dfb2bf000000e06122aa3f000000006b25c2bf00000000853dc0bf000000c0a326d2bf00000020459cb73f00000020e188de3f000000a09628c33f00000060846bc9bf000000c076cfa43f000000203c0bb7bf000000601c63b5bf000000c04d638f3f00000020581da83f000000a0ccfdbebf000000e06b39a13f000000c07727a0bf0000002095f2a63f00000000ff9ece3f000000a0bba37e3f00000080d2cba2bf000000e0b0dabc3f00000020d83567bf000000c0bc39b03f000000e03772a93f0000002012be7abf000000603f48b5bf000000a0b8ec90bf00000040f95bc0bf000000e099b2a2bf00000000daa1a0bf00000060319186bf000000e0b66980bf000000a07de6bb3f000000c0a7c4d2bf000000805805b53f000000c01bf7613f00000020e73bc0bf000000c082e097bf000000e0df1bc23f00000020ab09bbbf00000080b7e3afbf0000000010bbc03f0000008064f8cfbf00000060eca4c53f000000a01780c73f000000a0f41aad3f00000020ce57c03f00000020aa4cb33f00000000314c913f00000040ea28723f000000c03028a43f000000c09ec9c2bf00000060bd62b1bf000000a0e6dcbc3f000000004d3b90bf000000005590b43f000000e0293da53f947494622e, '2025-04-16 19:32:55', 'saad', 0),
(52, 1, 0x8004958b040000000000008c156e756d70792e636f72652e6d756c74696172726179948c0c5f7265636f6e7374727563749493948c056e756d7079948c076e6461727261799493944b0085944301629487945294284b014b80859468038c0564747970659493948c02663894898887945294284b038c013c944e4e4e4affffffff4affffffff4b0074946289420004000000000020470bb5bf000000000bb1b03f00000060a719b33f0000000002e4a33f00000020550bb2bf000000a06b87aa3f000000e053aea6bf00000080f7d790bf000000c012f3c13f00000080f79eacbf00000040b6cac33f000000802a557e3f00000000677bc7bf00000060531f903f000000a0173891bf00000000a13da53f000000a05f45b0bf00000020cb59c3bf0000008045b2b3bf000000c07015abbf00000000c190a73f000000400f9c883f000000e043e594bf000000e09789a63f000000a0e9b2ccbf000000209642d7bf000000405013b1bf000000205896c1bf000000e04f969cbf000000e04990b2bf000000a080ab99bf00000060430b943f000000208256c5bf000000e04ecc883f000000e01beea63f000000402d3fb73f0000006040754a3f000000c0278a79bf000000801e3bca3f000000c04da89e3f00000000cd35c6bf000000a01ac6a63f000000c08e60b13f00000000d550d03f000000c008dcc33f000000808d16ba3f00000040584b453f00000040ff9cacbf00000000605ebb3f000000a0df3acfbf000000a0b431c23f0000004014f0c43f0000000006f1c13f000000e010fabc3f000000200ac8ba3f000000607924c4bf000000209e329a3f000000001341a53f000000c06d1fc2bf000000c02c7c9c3f0000000034e2a4bf000000c0003653bf000000c0b1ba733f0000008085caaebf00000080f20fd03f000000809ef6be3f000000a0528ab4bf00000040bf93b2bf000000805199ba3f00000000643dc6bf000000609f91aebf0000008018e6b03f00000040fd9bbebf000000e02880c3bf00000080b6b8d0bf000000a0aee0b83f0000006039a3de3f000000c0ca78c63f000000204379cbbf000000809fce973f000000200191b4bf00000060ecbaacbf000000401aa6a73f00000020b4a0a23f0000002011a0c0bf00000040b72580bf000000e0b6b593bf00000060a813ac3f000000403dcad03f00000080f8999c3f000000207049a6bf000000a087fabf3f000000201f3a913f00000060ea26ac3f000000c0da08a43f000000a07494a3bf000000a0572fb4bf000000a05e03a1bf00000020ffbcbdbf000000208d27a1bf000000c0b57d87bf000000a06e7882bf000000c0cc2a44bf000000a044f3bb3f000000002473d2bf00000080f1eabe3f000000c0423b8a3f00000060f451c0bf000000407c81933f000000c0c8bfbd3f000000801d9dc2bf0000008073fca1bf0000006007fcc33f000000805230d3bf00000080f9d3c83f0000006092c9c13f000000a0a5fba93f000000c06a5bc33f000000202dc0ac3f000000804751a73f000000a0340e66bf00000020895d9f3f000000203c5bc2bf00000060380eb1bf00000020bec9b93f00000080992ea2bf000000a0e44aad3f0000000079ea903f947494622e, '2025-04-16 19:33:08', 'saad', 0),
(53, 1, 0x8004958b040000000000008c156e756d70792e636f72652e6d756c74696172726179948c0c5f7265636f6e7374727563749493948c056e756d7079948c076e6461727261799493944b0085944301629487945294284b014b80859468038c0564747970659493948c02663894898887945294284b038c013c944e4e4e4affffffff4affffffff4b0074946289420004000000000000308aadbf000000405de8af3f000000e0e73eb23f000000409b4d9d3f000000c02801acbf000000e0929da73f000000c0b3d8adbf000000a0e6f599bf00000000f6c8c23f000000a00b18b2bf000000c0216bc53f00000040263e98bf00000000f82dc5bf0000004095108ebf000000e0d04295bf000000a0e06cb43f00000060d21db3bf000000803789c4bf00000080dbb7a9bf0000004018c6b2bf000000403f00993f00000080b12a903f000000a0e4129cbf000000006ec3a23f00000080d3a7cbbf00000060a876d6bf0000002074fea9bf000000e0d8d2c1bf0000000039ed9fbf000000e003c8aebf000000a04d44a2bf000000808ecda13f000000204777c3bf000000a0327b5e3f000000009cb7b03f00000000c5cebb3f000000c0642e8b3f00000040f3c46d3f00000080716cc73f000000205cee823f000000803808c5bf000000a00f48943f00000040ed89b43f00000080dbcdcf3f000000008fe6c13f0000006053d9b93f00000060f53783bf000000c0eb11a2bf000000007ec3b63f0000006090eacabf000000407446c03f00000040cad8c23f000000801c4ebf3f00000080e931bc3f000000e081c1b63f00000060eba1c1bf000000c0adaa953f00000000c4baa73f000000e0ea58c0bf000000a0ea880e3f000000405b3ca1bf000000005ce81abf000000e08839603f00000040745ca3bf00000040f4a6cf3f000000c0c642b93f000000a0ba1eb2bf00000080c7eeb4bf0000000099a1ba3f000000604940c4bf000000206b54b3bf00000020cc37a63f000000a08eaabfbf000000806f24c1bf000000203d26d1bf000000607732b43f000000e054d4dd3f00000080e386c33f000000e0f89cc9bf000000c03274a23f000000607b65a4bf00000080bd5dacbf000000a0a009af3f000000a0ec83a23f00000060fdb6b9bf00000020ef74673f000000a0469e94bf000000c0d1dca63f000000a0a82fcf3f00000080c1da8f3f000000a02d21abbf00000060b35ab63f000000a0b53c85bf000000404500ab3f00000020ed57a03f000000c0d133a0bf000000e07dd9aebf000000407ae476bf000000609460bfbf000000a0e115a8bf0000002002127d3f000000a08eaf933f000000a0094a6cbf000000a0035cbe3f00000000877fd1bf000000402846bd3f000000c06aa8953f000000003d76bdbf000000a02f5a943f000000e03cb3c23f00000020bb0dc0bf000000e0149ba9bf000000c096a8c33f000000e0b427d1bf000000203d37c63f000000400b41c33f000000a097e4ac3f0000000054e2c23f000000201e12ac3f00000080e881a23f000000e0780e8c3f000000207046993f000000204416c3bf00000060f5a3b5bf00000080fbebb33f00000020d9209bbf000000e08916b13f000000e0cf879c3f947494622e, '2025-04-16 19:33:22', 'saad', 0),
(54, 1, 0x8004958b040000000000008c156e756d70792e636f72652e6d756c74696172726179948c0c5f7265636f6e7374727563749493948c056e756d7079948c076e6461727261799493944b0085944301629487945294284b014b80859468038c0564747970659493948c02663894898887945294284b038c013c944e4e4e4affffffff4affffffff4b0074946289420004000000000040e9d8abbf000000c0d124a03f000000400233bf3f0000000009ba8fbf000000e0b727bcbf000000e041a8ab3f0000000078a3b3bf000000e03b2ba03f000000c09bc6c03f000000e01d28a3bf0000006045b9c63f000000c0c24d81bf000000203522ccbf000000a03c93ae3f000000a02270a1bf00000040c766b63f000000c00391b8bf000000408f76b0bf000000c0c720b3bf000000e0bb63a0bf000000001ae2a43f000000c06da6a83f00000020d1bc81bf0000008076b8a63f000000000bbbc0bf000000800458dabf000000207c40b2bf000000c01063bcbf000000409d59a9bf00000020ffb8b1bf000000e0a4da9abf000000a06b03943f000000e01abbc3bf000000e0c82880bf000000c00f40a33f000000c0a026b13f00000080e06a8fbf000000a0edf2a9bf000000e0d37cc53f000000200e16b53f000000a099edc1bf000000204b81a43f000000e04d176b3f000000c05c99cd3f000000e087f9c23f00000000c49dba3f000000c0e58047bf000000205fd3a6bf000000a09e93b73f000000805a30d2bf000000a00adfb93f000000806a5dc43f00000060f4a0b33f000000c00741ba3f000000009b03b53f000000403394bebf000000206659a53f00000020f962b93f000000409be2c4bf00000040fa73a33f00000040aae0a1bf000000c0a10ea4bf0000008002ff923f00000040e8ffb7bf000000801d89cc3f000000002999c03f000000603e7db3bf000000e0f704b3bf0000002082eaba3f000000206f7bc1bf00000060ad33b4bf00000040d55f93bf000000005855bfbf000000e0de8bc3bf00000000e0cccfbf000000a0282eb83f00000020537cdb3f000000e0e3a1c83f0000004042a1d0bf000000e0dad08fbf000000e0d6b1b8bf000000c0067aaabf000000804bcba53f000000205b13a33f0000006093c3b2bf00000080e37b94bf000000a0b7ef98bf000000a0a524873f00000060aa07cb3f000000c01a2f503f000000c0f9437e3f00000040e79fcc3f000000e09db8823f000000a06b08b33f0000000005e5ad3f000000403c55a5bf00000020d3d1b6bf00000060f65d98bf000000e04d58c2bf00000000e2b6a1bf000000c0fb4594bf000000409c05a6bf000000e0dded803f00000000eec1b83f00000060fd46d2bf00000040de94c13f00000000a40c86bf00000060bbe8bebf00000020b150a63f00000040898fb53f00000080644cc1bf00000060af29adbf00000020e3b9c93f00000020a039cfbf000000a0fb8fc63f000000c0dd2ac83f0000002057f7b53f000000e0e070c53f000000c01ce8ac3f000000c0aa66b03f0000008099ba98bf000000009add503f00000080ca76c3bf00000040fb0aaebf000000801408b43f000000a075fe7cbf0000006049c291bf000000c066739d3f947494622e, '2025-04-16 19:33:53', 'saad', 0),
(55, 1, 0x8004958b040000000000008c156e756d70792e636f72652e6d756c74696172726179948c0c5f7265636f6e7374727563749493948c056e756d7079948c076e6461727261799493944b0085944301629487945294284b014b80859468038c0564747970659493948c02663894898887945294284b038c013c944e4e4e4affffffff4affffffff4b00749462894200040000000000e0f179a8bf000000401e00bf3f0000000029a3b53f000000c0d3bc9dbf000000206e0995bf00000080ba71a03f000000a08472a6bf000000809e2ea0bf000000c0450ec93f00000000cc60abbf0000008037e3ca3f000000c0ca4da03f000000c0ef75c9bf00000040d8d38bbf00000040846ea7bf00000060f0a7b53f000000802a8cbabf00000020de34babf00000000940bb9bf000000c0f1719cbf000000a0d3bfaf3f000000e0f7a2b03f000000001a19af3f000000607f269cbf000000a02495bebf0000000015d5d7bf000000c0c46cc0bf00000040ed52bdbf000000a08dbb773f00000080795cb8bf0000004016947bbf00000080bdf5a1bf00000060438fc6bf000000406c0d9fbf000000400b989f3f000000c01c1e953f00000020702284bf000000a07ef6923f000000600517c73f000000605287b23f000000404d05c3bf000000e0f7a397bf000000e08204b33f000000c04096ce3f000000a04a90c83f00000080cd0bbb3f00000080c90394bf000000600a5ab4bf000000607107803f000000a014fcc9bf00000000f561c63f0000006077febc3f00000020b176c03f000000c07853bc3f000000e045c0c03f000000c0340bc2bf000000e0c867923f00000080d422b23f000000a0bb5cc1bf0000002054dc8a3f00000040e0b2803f00000060a981913f00000080b4a1a3bf00000080e6df9a3f000000609094d13f000000809384bc3f00000020dba2b6bf000000c024ddbebf000000a037e9ba3f000000c08f50bfbf000000006dd7a6bf000000e0e187a13f00000020eae3bbbf000000c06c38bbbf0000008021d8cfbf000000a06da9ab3f000000e08600e03f00000060db80b93f000000805ceecabf000000e07fd3a83f000000a01265c2bf000000a02d67b6bf00000080c409a43f000000e0290d723f00000040ab80c3bf000000009946a63f00000060174eaabf000000a0ec6da23f000000c0200fc53f000000e07a035dbf000000c074eeabbf000000c0672ec43f00000000430fa8bf00000060a24ab03f00000000fe40b23f000000e07cc4a0bf00000080bba9b4bf00000040e13e8bbf000000a08118c3bf000000004756bdbf000000c0cc70763f000000e0e75ca4bf00000000bea1a0bf000000a0adb1bb3f00000000044dd0bf00000040c129be3f000000e0011bad3f0000000017e6b8bf000000208bd1a53f00000080c7dcb83f000000a07c79c1bf000000c03eb1b3bf00000000210bc63f000000804537d1bf0000002014dfc73f000000e0c904c03f00000020cbed8f3f000000a0228cc23f000000609e6fb73f00000080d177b93f00000060f712733f000000a0a67f9d3f000000402840c1bf000000c002fe8fbf000000a0746aae3f0000002027f67ebf000000800f84b53f00000080e015a13f947494622e, '2025-04-16 19:34:26', 'saad', 0),
(56, 1, 0x8004958b040000000000008c156e756d70792e636f72652e6d756c74696172726179948c0c5f7265636f6e7374727563749493948c056e756d7079948c076e6461727261799493944b0085944301629487945294284b014b80859468038c0564747970659493948c02663894898887945294284b038c013c944e4e4e4affffffff4affffffff4b00749462894200040000000000c07077b2bf00000080024bb13f000000e0462fbc3f00000040d73169bf000000e0f70bb3bf0000002095db903f000000e050fd9dbf000000c0525a933f000000e0e40cc83f000000604d4db0bf00000060e274ce3f000000e05f4490bf00000020b7efcbbf000000002847b33f00000000927bb3bf000000805de1c03f00000000d7eebbbf000000c04a86babf0000004030e2b2bf000000e0c70f8dbf000000c0ef75963f00000000fa0ba03f000000a0bc5a86bf000000c0f36ea23f00000060be20c2bf00000080843fd8bf0000008042e1b1bf000000c0d6edc1bf000000c06972a8bf00000040cf02b1bf000000005e2e97bf000000403925a53f000000e0a7f5c1bf0000008027c2a4bf0000004087479b3f000000605568ab3f00000060093c633f000000c045339b3f0000000059a7c73f00000020ce86b23f000000e08826c8bf0000000051627c3f000000a0b111ab3f000000a09e4fd03f00000040e6a9c43f000000602faab93f000000e0eb26753f00000000d404adbf0000002095e0823f000000a033c0cfbf000000603cbfb73f000000e059b5ba3f000000405afbc13f000000e0facfbf3f000000a024d2af3f000000e01502c3bf000000c0596d9c3f000000402a27b33f000000a0828cc1bf0000008030cf903f000000406dd6833f00000060627e73bf000000a0cd24a03f000000c0a96a883f00000060a8bad13f00000000e88cb13f0000002060e4b8bf000000600b83a4bf000000606390bc3f000000406348c0bf00000060c3c8b0bf0000006000e8983f000000e0d4f2b9bf00000020742ac4bf000000a093cecfbf000000407efbb33f000000e039d5de3f000000a0f059c13f000000002da4cbbf000000a0c2ad9b3f000000806a93bdbf000000e0feb3b1bf000000401978a33f000000c079d28f3f00000040b48db9bf00000000211d6d3f000000a010f7a8bf000000204a59503f00000040e652c93f00000040efdf753f0000000040be81bf00000020bc32c43f00000000621594bf0000006067d5aa3f00000020d3ffaf3f00000060cf60813f000000e02eafb2bf00000060574760bf000000e00b1bc2bf000000c0177cb1bf000000c0d8589bbf00000000652b9bbf0000004052c896bf00000060444cb13f000000601ef8d1bf000000e00c6fbe3f00000060208d8a3f000000404de5b9bf00000080e29a9b3f000000e02a54c23f00000040c709bcbf000000e05b93b0bf00000080da57c93f00000000f362cfbf000000a0875ec43f000000a0f600c63f00000080eb3e9c3f0000000095b8c43f000000a0b02eb73f00000000886aaa3f000000a0bd4891bf0000008034847e3f000000804adec2bf000000a01ad0a9bf000000003984b63f000000c07113a0bf000000c0912fb43f00000060f1b9a33f947494622e, '2025-04-16 19:34:39', 'saad', 0),
(57, 1, 0x8004958b040000000000008c156e756d70792e636f72652e6d756c74696172726179948c0c5f7265636f6e7374727563749493948c056e756d7079948c076e6461727261799493944b0085944301629487945294284b014b80859468038c0564747970659493948c02663894898887945294284b038c013c944e4e4e4affffffff4affffffff4b00749462894200040000000000a0e615b2bf000000604372ae3f000000c02b06b13f0000004082489ebf00000080cd64acbf000000c0128db03f000000602196a7bf00000080440b793f000000006c2fcd3f000000e03e23b3bf00000080be16cb3f00000040313c80bf000000805e4fc9bf000000c0b72da63f000000809d9790bf000000a014e6b73f000000c01c44babf000000e058f0b9bf00000000a858b6bf00000020f0dca0bf000000a0d426973f000000c058f0a23f000000a071a26d3f000000c025cd8c3f000000e06b40c4bf000000207aead9bf000000c0bbceb5bf000000205598c0bf000000e0d15791bf000000607e9db1bf0000008007a58bbf00000040b8fe923f000000205a61c4bf00000020efd698bf0000008079d99d3f0000004017e1b63f000000807b2b79bf000000e037d78c3f000000c0708bc53f000000a06c91ab3f000000e0959fc5bf000000c0c8db90bf000000209daaaa3f000000c07b5ecb3f000000807c3fc73f00000020c622bd3f000000c01b7685bf000000a0fce7a4bf000000e0a5209d3f00000020ce3ed0bf00000040e6ffbf3f00000060f609bd3f000000c0b209c03f000000a07320ba3f000000002595be3f000000e0b374c2bf000000605722753f0000000037eeb83f000000804860c2bf000000c0c1a4893f00000040c55876bf000000606c23a13f0000002003f583bf000000c0be177c3f000000802762d23f000000000185c03f00000080a2e3babf000000c0c255acbf00000000e7c0be3f000000603485bdbf000000e0e177a3bf000000c099a2a23f0000006004d7bdbf000000c092c2c5bf000000e04ddacdbf0000004040ceb43f000000e05ae4df3f000000e0c109c03f00000080e178c9bf0000002046a7973f000000008fbdb8bf000000809f26abbf000000802184ab3f000000c0b6e278bf000000a05b0bbebf000000a0bf408ebf000000c0e5c398bf000000200821a03f000000806f5dc83f00000020acb19d3f0000008046419dbf000000604c17c33f000000809216a9bf0000008079c8ae3f0000000042d0a53f000000e078ab703f000000404926aabf000000e049b18cbf000000409896c1bf00000000fd1eb4bf000000e07535973f000000e0c4328fbf00000060bda18abf00000040d18db73f00000020eb40d1bf000000c04947bd3f000000c0bd79983f000000c04b83b7bf000000406a99af3f00000000e150c03f000000c058a5bdbf000000a06c22a8bf000000401b71c93f00000060be80d2bf00000000c9f0c43f00000060f1aec23f00000080e04883bf000000005a93c53f000000009bbcb03f000000602513b23f0000008020808a3f00000040d565903f000000403a55c5bf000000c0bbb2a6bf0000008050e3ac3f000000e0311d8ebf000000a08a2cad3f000000a0812ba13f947494622e, '2025-04-16 19:34:52', 'saad', 0),
(217, 1, 0x8004958b040000000000008c156e756d70792e636f72652e6d756c74696172726179948c0c5f7265636f6e7374727563749493948c056e756d7079948c076e6461727261799493944b0085944301629487945294284b014b80859468038c0564747970659493948c02663894898887945294284b038c013c944e4e4e4affffffff4affffffff4b00749462894200040000000000609bdcb7bf000000404974b43f00000080caaba83f00000040562a85bf000000608ddcb6bf000000c0642fa4bf000000000fb6b1bf000000209c3bb7bf000000003954aa3f00000000ab43a53f00000040adf9ca3f000000c03b7291bf000000e06fcbd0bf000000806753adbf00000020066d9bbf000000604019c03f000000209659cabf000000600371a6bf000000407554abbf00000000b427bbbf00000080be43a53f00000020bd2a8d3f00000060c9d0853f00000040c10e703f00000060e7a7b2bf000000c0de20d2bf000000807ca7abbf000000a09dc5b0bf000000008936aa3f000000e0483dc0bf000000201c45a13f00000040c873a13f000000601b1bc8bf00000040e29aa4bf00000060c630683f000000e0f5c9af3f000000e0da85bebf00000020ee8bbebf000000407bbfd03f00000040ad7b823f000000204f78b5bf000000a0d94cb23f000000c0c5c6a53f00000040d1face3f000000c0f889ca3f000000005a1794bf00000060bd0d89bf00000040fbd9623f000000e02cfdb73f000000c03557d0bf0000002093a53fbf000000e04fe9cf3f00000020d8e2b73f000000a048a9bf3f000000007fbb4d3f000000208320c0bf00000000c13b9a3f000000c043a5bd3f00000060ce77ccbf0000008073c1a73f00000060a815a83f000000c06424c0bf000000e07acb96bf000000201f2cb1bf000000e04d77c03f000000008bc9bb3f000000e01e2eb6bf000000a071abc1bf00000020e595bb3f000000e02d29bfbf000000c05890b5bf000000a059ef763f00000020c639c0bf00000080e749c7bf00000040b436d0bf000000e0b135b13f0000000080dccd3f000000a08da1bc3f00000080576fc7bf00000020077f923f00000040d6dcb1bf00000020e92bb3bf000000004c356a3f00000080b3e339bf00000000706b9abf000000e0bebfb1bf000000c0a502b5bf000000c097ac983f000000001691c23f000000a0d4ee9fbf00000080d5f28bbf00000060dc6fce3f0000006035da963f00000040c15b77bf0000008043dda63f00000000b8dcae3f000000a0b32ab3bf000000a0a5fa8dbf000000e0bd74b9bf00000000bf0971bf000000201344ae3f000000006786c7bf000000401b36a43f00000040457eb53f000000608717c7bf000000c07a19c73f000000c0c522833f000000a05fae733f000000a052e192bf000000801f48a5bf00000080c55fbebf000000609abea13f000000e0bb95c93f000000009714cfbf00000060fb16d53f000000608493cb3f000000e0f6d68f3f000000e002a5bc3f000000e0bda6ae3f000000c043f7b03f000000c00654b0bf000000401b2595bf00000040625cbdbf000000403714bfbf0000008049709dbf0000000013a4a73f00000000b04c503f000000c0b8a2b23f947494622e, '2025-05-04 14:42:03', 'Megan', 0),
(218, 1, 0x8004958b040000000000008c156e756d70792e636f72652e6d756c74696172726179948c0c5f7265636f6e7374727563749493948c056e756d7079948c076e6461727261799493944b0085944301629487945294284b014b80859468038c0564747970659493948c02663894898887945294284b038c013c944e4e4e4affffffff4affffffff4b00749462894200040000000000a0d7a19dbf000000809ff5b03f000000c06081993f00000020f0a86f3f000000a01322c4bf00000080f05ab33f000000e0a2d1ad3f000000007244babf000000409acabf3f000000406974c0bf00000060b7ccc73f000000e05c3fa5bf000000608674d4bf0000008010eeab3f00000020d30295bf000000e08637c83f000000c09aa5bdbf00000020433dc8bf000000606006b1bf00000000f40a9e3f00000000142a413f00000080cb9db83f000000a0a951b33f0000008091dcb73f000000601b94b5bf000000806198d7bf000000609e41b1bf000000a09da0a7bf000000e0737098bf000000e04099babf000000000927773f000000401a5dc13f00000080e943babf000000c096f8af3f000000c06269b33f00000040b09e973f000000a08486b5bf00000000630abcbf000000a03e83d13f000000c08c87be3f000000601358d1bf00000020840a9bbf00000000d064a83f000000c01c05d73f000000609a5dce3f000000c03429a1bf000000c045ab873f00000040067eb8bf000000c061fba43f00000080ed39d6bf00000020d1bfb83f000000407cdeb93f00000060227db33f00000000ba55a73f000000e08f63b93f000000408de2c6bf000000c072a8a2bf000000209ba2bd3f000000a0d920c5bf0000000059b1b23f000000e07262b03f000000404604b2bf0000006056c9ab3f000000602959c1bf000000e0ef48cc3f000000407d8ab33f000000800fd4bcbf000000e00ca7bebf000000a01c3cc43f000000609b52cebf00000020591ab9bf0000006020a0be3f000000a0580bbcbf000000a0d6ebccbf000000e0ea76cebf00000020e19096bf000000402f02d53f00000000f198cd3f00000000c4dbcabf000000206b74a5bf000000607ccb9d3f000000c0e6ea913f00000000f6febc3f000000203203c63f000000a0d1cb953f000000e054cbb2bf000000c06623b7bf00000060f471acbf000000206e94cd3f00000020d274a0bf00000000327fb9bf000000a0237fd43f00000040d3ec823f000000402750b5bf000000605d21ba3f0000002066f1a03f00000020901da4bf000000c0937ea2bf000000a0d49ecabf000000c04568adbf000000a04f7ac2bf000000805f34b6bf00000020f6c896bf00000000686dc13f000000807673c8bf000000c01c82c33f000000c0f68cb5bf000000c0ade8a7bf000000e0254670bf00000040e284a0bf00000020ab7cbdbf000000603c4692bf000000c0ae84c43f000000c0b93cd4bf000000006a19ba3f00000040e870c33f0000008003168f3f000000402a39c13f00000080629968bf00000020df3abd3f00000060e9cf94bf00000000fecfabbf000000e0646ac5bf000000203f3eaabf000000e08856b63f0000002050759dbf00000040f64f8c3f00000060149f773f947494622e, '2025-05-04 14:42:17', 'Megan', 0),
(219, 1, 0x8004958b040000000000008c156e756d70792e636f72652e6d756c74696172726179948c0c5f7265636f6e7374727563749493948c056e756d7079948c076e6461727261799493944b0085944301629487945294284b014b80859468038c0564747970659493948c02663894898887945294284b038c013c944e4e4e4affffffff4affffffff4b0074946289420004000000000020419fa6bf0000008067d4933f00000080f9adaf3f000000a03b2d6cbf000000e0e249c3bf000000201b9d903f00000080fbfe923f00000060298eafbf000000e0cd36c23f00000080da4dc2bf00000080311dc93f0000004092c5a1bf000000003d71d3bf000000209528ae3f00000000b769863f00000080a8d1c53f000000408302babf000000e0e2d0bfbf000000e0ee0db4bf000000e07c5e99bf00000020b0a0943f000000400a7dbd3f000000a09000a73f00000040be85ac3f00000020b77cc2bf000000a058d1d8bf000000201aceb2bf000000802ad19dbf000000403fb1aebf000000201015afbf000000a0d990a43f0000004075ffbd3f0000000045f2b9bf000000c03bf7b23f000000c01006b43f000000c0aeec78bf00000040a5dabdbf000000c0a90cc1bf000000207328d03f0000006061d6b43f000000402d2ad0bf000000c088a3a0bf000000c0d682863f0000000095bfd33f00000020e12bd03f00000000d3b4a6bf00000040c334903f00000040f9f49fbf000000e084e3a73f000000c083bfd6bf000000e0a3cc9c3f00000060151bc13f00000080c1119abf00000000e0b8933f000000a028e8c13f00000020d8e1bcbf00000080697aa0bf00000000cdc2c23f000000e08c10c9bf0000004075157fbf000000600eff963f000000204008b5bf000000e0ae107b3f00000060e84dbbbf00000020526fc93f00000080cea4af3f000000c0bc41c2bf000000c09664b8bf000000801666c73f00000000846dcbbf000000802ff0a2bf0000002091d6ba3f00000000d837c0bf000000009a7ed0bf000000c053fbc9bf00000060759a873f000000a081e9d83f00000020b306c73f000000a0d8e9c5bf00000000dc4b6a3f0000006015199a3f00000000d44090bf00000060264ab93f00000000dc4cbc3f000000208a13ac3f000000408434bbbf000000c01d8eb1bf000000204d1e803f000000004126cc3f00000000d47a98bf0000006039d6b0bf00000060c584d43f000000e082a2863f000000a0001ac0bf00000060c928b63f000000c0f8cca23f00000000f7beaabf000000a02b00aabf000000407a43c4bf000000208abc9bbf00000040d5f6a5bf000000e00b35b5bf000000a00efe9bbf000000005500c13f000000c01655c8bf000000400393ca3f00000080311bb0bf00000040ba57adbf0000006005386bbf000000209ae2afbf000000802611bebf000000003043903f00000020e7e2c13f00000060e5c6d3bf000000e03c29b83f000000206e27be3f000000804a4c923f0000008069f0c43f000000a0ed44aebf000000200271a43f00000020829897bf00000060474ea7bf00000060e283c7bf00000000150ebabf00000040b57fa23f00000000903291bf000000407438933f000000206ef589bf947494622e, '2025-05-04 14:42:30', 'Megan', 0);
INSERT INTO `face_profiles` (`face_id`, `doorbell_id`, `face_data`, `created_at`, `face_profile_name`, `is_blocked`) VALUES
(220, 1, 0x8004958b040000000000008c156e756d70792e636f72652e6d756c74696172726179948c0c5f7265636f6e7374727563749493948c056e756d7079948c076e6461727261799493944b0085944301629487945294284b014b80859468038c0564747970659493948c02663894898887945294284b038c013c944e4e4e4affffffff4affffffff4b00749462894200040000000000a0f4b99abf000000209905b53f000000a00574a03f000000203711a3bf000000a0598ec2bf000000e0beb377bf000000208b73963f000000805e00c3bf000000607c99c13f0000008082beb4bf00000040cce3c83f000000e09da0a8bf000000a04211d0bf000000a0dea0a73f00000080617c86bf000000403da1c13f000000400993c7bf000000404947c4bf000000c01d31b8bf00000040e4da9d3f00000000ae3bb7bf00000000806bb93f00000040e29d993f00000080355bb83f000000e04b53b8bf000000407c81d9bf000000e054c19cbf000000406a899ebf000000a029d78dbf000000c097e29bbf00000040c8338c3f000000202945c63f00000040560bbcbf000000a0ca869d3f000000208d11a83f000000602e009f3f000000c01d1db9bf000000608cb8b8bf000000202c87d13f00000020e493b83f000000809ee4cfbf000000e0643a6b3f000000e020c4a53f000000c0cfbbd63f00000080f8e8d03f000000007223a5bf00000040add2b03f000000a07056bcbf000000e01b38b33f000000c0cfb7d7bf00000040df91a83f000000e07b75c23f00000060df6681bf000000c01daaa73f000000a05b92b63f000000c05013c6bf000000804aceb5bf000000a029eab43f000000207c7ec5bf0000006046b6943f00000020db1fb33f00000040c7896c3f000000c06e18983f000000c06ef1c5bf00000040ec02d03f0000004019c9b93f000000a05df5c2bf00000080cbd2b7bf000000a00215c23f00000000f09fcfbf000000a0ed49c1bf00000000e799b13f00000040510bb4bf000000e0e81fcbbf00000000736bd3bf000000e00a90a03f000000201d0bd53f000000603777ca3f000000401329c8bf000000a0c584a5bf000000a060bf76bf00000040dae3abbf000000e0901bb83f0000000044e3c33f000000a0fa8f673f000000e0cf59adbf000000c0db81b1bf000000c067ff93bf000000a0870fce3f000000e07b078e3f00000080a623acbf000000a0989fd33f000000e0511da93f00000060adefb0bf00000020a235aa3f00000060012bba3f000000405072b5bf00000020f6d44bbf000000400301ccbf000000408cdd913f000000805603a3bf000000c0c4918c3f0000006080d5943f000000206840c93f000000804138c5bf000000604335ce3f000000c08726b1bf000000c01c2eabbf0000004045e89f3f000000600df8abbf000000a061a7a5bf00000040185eaabf000000c0a9a6c33f000000c0519fd1bf00000020eac1b13f0000006023f4ba3f0000008016b0a63f000000400bf1c23f000000a0b2a99cbf000000c02c24ad3f00000040b574a6bf000000e021423f3f000000001ecdc7bf00000000e022b0bf000000205bf6a33f000000c088cb96bf000000e0ec508dbf000000a0381ba63f947494622e, '2025-05-04 14:43:03', 'Megan', 0),
(221, 1, 0x8004958b040000000000008c156e756d70792e636f72652e6d756c74696172726179948c0c5f7265636f6e7374727563749493948c056e756d7079948c076e6461727261799493944b0085944301629487945294284b014b80859468038c0564747970659493948c02663894898887945294284b038c013c944e4e4e4affffffff4affffffff4b0074946289420004000000000040bcb391bf000000a06dfcb03f00000060f963963f000000e054479ebf000000806558babf00000000c3b6a43f000000e062cf77bf000000604b6ab5bf0000008008f8c13f000000e07216c7bf000000e0b362c53f000000e03b2fb1bf000000c094e9d4bf000000a0d804a53f000000e01bbb933f0000006052f9c83f00000080c24ec3bf0000006067bbc7bf000000400133afbf000000600e0021bf00000040e07998bf00000040e9cfa43f00000060d80bad3f000000a0947eb33f000000e04e87c0bf0000000034f7dcbf00000080c5e8b8bf00000040289e94bf000000e0a8f3acbf000000c09acba6bf000000201c447bbf000000601af3b73f0000004070bcbcbf000000a048d8b23f00000000d011b53f00000080d827b23f000000e0d86ebcbf000000606ed6bcbf00000020c50ece3f000000a08353b33f00000040d520d2bf00000020b0a1a8bf00000060ff1aac3f000000804461d63f00000080e707cf3f000000a05843803f00000020267ca53f000000c06c0f96bf00000000a883b23f0000002071aed7bf000000a02a36b93f00000060474cbf3f000000808d8a9b3f00000040ddaba83f0000004075d7c13f00000020ff8ec5bf00000060240fa6bf00000000a71bc63f00000040b41ac3bf0000008013329f3f00000000d938a13f000000c09829a7bf00000040d95ba93f00000080b31eb9bf00000060c0c7cd3f00000020d74dba3f000000e06cf4c2bf000000c05a49c0bf000000007d48c83f0000006066f0cebf00000000337aa1bf000000607d94ba3f000000c0f373bdbf00000020b975d1bf00000040c10bd0bf0000000079a29abf00000060693cd53f000000403e1bd03f000000a052cac3bf00000080d7fda1bf000000a098a7963f000000004ef58f3f000000404122bf3f000000e0b37cc13f000000e0e25ea43f0000000088309fbf00000040c678c0bf000000e0c79799bf000000c0d227d13f000000603397a0bf00000000603cbbbf00000060fdcad23f0000004071de87bf000000400b7ab4bf000000e02111ae3f00000020abf3a93f000000202719b9bf000000a016adacbf000000c04724d0bf000000a07b5db5bf000000c09ed3b1bf000000807f7ea2bf000000008b68b1bf000000e00612c33f00000080f56dc9bf000000601890c93f000000206c13b0bf000000e0dbd0a3bf0000004051b9a3bf000000c0723e80bf00000020ef01bfbf00000080817888bf00000040e228c33f000000e06685d3bf000000a04fa5b23f00000040cffcc73f000000004aa9a33f00000000f839c43f00000080de9e703f000000c093dd913f000000202aa7663f00000040121cbbbf000000205a42cabf000000007001bbbf000000c0972a993f000000a051718a3f000000402119a03f00000040809f523f947494622e, '2025-05-04 14:43:17', 'Megan', 0),
(222, 1, 0x8004958b040000000000008c156e756d70792e636f72652e6d756c74696172726179948c0c5f7265636f6e7374727563749493948c056e756d7079948c076e6461727261799493944b0085944301629487945294284b014b80859468038c0564747970659493948c02663894898887945294284b038c013c944e4e4e4affffffff4affffffff4b00749462894200040000000000400e6e42bf000000004bb4953f000000e0b645953f000000e0dae79dbf00000080e39fc2bf000000609961673f000000809efbae3f000000200539babf00000020ebf5c43f000000608e2fbebf000000a0cbc1c53f000000a06a1d9fbf00000060c750d2bf000000a023c9ab3f000000e0a552a93f00000080dd04bd3f00000060ba90bcbf000000c0aa55c1bf000000c07b6fb4bf000000c0a4cf52bf0000006055228a3f0000008077fdb13f00000020692fb53f000000a0b00dc13f000000c0a55fbdbf000000c0baa4d8bf000000c08331bcbf000000e00519b2bf000000a0dbb1a6bf000000601181b6bf00000040294c903f000000c0cefbc33f000000e00b5cc3bf0000000043a4a93f000000c0f73a893f000000603fc4933f0000002011a9c2bf000000c093b3bbbf000000c0eb03d13f0000000024e1b83f00000000691dcdbf000000401ea5b2bf00000060904885bf0000006034ecd13f000000c09e12cd3f00000040f550a1bf0000004015b8ad3f000000e00534b4bf000000803614b23f0000008082b1d4bf000000809864b83f0000008016a7c53f000000c0f2ee92bf000000c023c0af3f000000c08cd9c13f00000080b84ebfbf000000e0c2b69fbf000000a0aa3eb63f000000206356c5bf000000e089b7b13f000000e07be5a63f00000080c867a3bf000000007f5f9e3f000000007314c2bf00000000c26acc3f000000e00f26b93f000000005353b6bf0000008022d9b7bf000000c02c30c93f00000080ad7ad0bf000000800b21b9bf00000040099ebe3f000000e01617bfbf000000c00142d0bf000000802898cabf000000c00b2e90bf000000c0466dd53f000000c021aac73f000000c099aac5bf000000002a0584bf000000005229a3bf00000000fed1b3bf00000040f1febd3f0000002031b4bf3f000000a0e7dca73f000000e028e399bf00000040fa87b5bf000000000126a33f000000c06732d13f00000000167ba7bf000000e0e89da3bf000000604aebd63f000000e06a998c3f000000c0015caebf000000803960bb3f00000060df5ba03f000000606a639ebf000000a0b4b38abf000000803e5ec9bf000000c03a978f3f00000060393eb0bf000000c0d6fbb7bf00000080019bafbf000000e0b684b63f000000c02693c4bf00000000a970c73f00000020fd17a3bf000000c08445abbf000000e07441a6bf00000000efadb4bf0000004062f8c8bf000000c0ce01a4bf00000040ca56c73f000000809d31d3bf000000e01f27c03f000000e06c7cb73f000000e06f0d7bbf00000060d430c03f000000606fdeb2bf00000080a416be3f000000c03bf2a2bf000000a0fd37bebf00000020761bc8bf000000602e9198bf000000a0d683b93f000000a0bbab8c3f000000e02156a8bf00000000454f813f947494622e, '2025-05-04 14:43:30', 'Megan', 0),
(223, 1, 0x8004958b040000000000008c156e756d70792e636f72652e6d756c74696172726179948c0c5f7265636f6e7374727563749493948c056e756d7079948c076e6461727261799493944b0085944301629487945294284b014b80859468038c0564747970659493948c02663894898887945294284b038c013c944e4e4e4affffffff4affffffff4b007494628942000400000000006015b1b1bf000000c08ef7a53f0000004056e3a0bf00000040972ab2bf0000004078eeb7bf000000805d94863f000000405d039e3f00000000f288bdbf000000e0ebd7c33f000000201e73c0bf000000209b67c83f000000a0154eaabf000000c001a4d1bf0000002025a5a73f00000020fc3ba73f000000c02b8fb93f000000803829c4bf000000000525bfbf000000002be6b8bf000000005ab49dbf000000a044918f3f00000060eb9bb53f000000602d73ac3f000000a05d5bbd3f000000a01f1ec7bf00000080d661d7bf000000c06cf4c1bf00000020b127b4bf000000a061f8a03f000000204013abbf0000002043f9923f000000802461bb3f000000208d71c1bf000000605b31b13f000000c05b0fa43f000000807435a43f000000c0f0cdc0bf00000020ca6dc2bf00000040ccfeca3f000000c06c70b13f000000004f68ccbf00000040d981aebf00000000371a913f000000400b53d43f000000400749cf3f00000080dcfea3bf000000609b33b03f000000602868b0bf000000c008dda93f00000080878dd4bf000000407efbb63f0000008024efc63f000000e01c4ba1bf000000a0e966b53f00000040f4aabc3f000000c0a71cc1bf000000e0d23f94bf000000c0dc28c13f000000008bddcabf000000e06a40a43f000000009fdca73f000000003fd17ebf0000000013de873f000000806cecb6bf0000006062ecc73f000000c05f1ec23f0000004076e7c1bf000000e0a71ac4bf000000e0cc42ca3f000000e0ac61d1bf00000020d8c7acbf000000809a8cbc3f000000c0a284c2bf000000e09c5bd2bf0000008014dbc9bf000000009144953f000000207443d53f00000000ede7ca3f000000c0d556bcbf000000805184a33f000000c07568a5bf000000601deeb2bf00000000d84cb83f000000a0dd15be3f000000e068d2a23f00000020c121afbf00000000d282b6bf000000e074ceac3f000000809b41d13f000000c0acdeacbf00000080aa67a4bf00000000b263d43f000000808247813f000000e0a7dac2bf000000a022eeb43f0000002077f2b93f00000040e37abbbf000000a0eedd98bf000000406c4ec4bf0000006017db8abf000000e0324f8ebf0000008020e6b2bf000000405b4db0bf000000000d59c13f00000060f46cc5bf000000406a65d13f00000040fd8492bf00000000a5a9b3bf000000a0ee7ca2bf000000e0bcc5bcbf000000e05345bfbf000000a09a8990bf000000c05811c53f00000040047ed2bf000000c007c3c03f000000602019c03f000000404588ac3f000000e0a502c63f00000060c471a7bf000000a068e5b23f00000080b166753f000000809121b0bf000000a0aa4fc9bf00000000902cb4bf00000040f5aba03f000000c0cc7f873f00000000521dacbf000000a0982983bf947494622e, '2025-05-04 14:43:45', 'Megan', 0),
(224, 1, 0x8004958b040000000000008c156e756d70792e636f72652e6d756c74696172726179948c0c5f7265636f6e7374727563749493948c056e756d7079948c076e6461727261799493944b0085944301629487945294284b014b80859468038c0564747970659493948c02663894898887945294284b038c013c944e4e4e4affffffff4affffffff4b00749462894200040000000000809665bbbf00000020f887be3f000000805f4b8f3f000000806912703f000000e0fddfc1bf000000c06028823f000000e07156a3bf0000006010efb8bf000000c007e4ba3f0000000050f7abbf000000408693c63f000000e0d8bd92bf000000801159d1bf000000402814b13f00000060181a563f000000a089adbc3f000000e041becebf00000000c0ccb2bf0000006055fcbfbf000000a047edacbf000000c07404b63f000000a02486bb3f000000e07dbeb73f00000000519ebe3f000000802569c0bf000000e0ffd1d6bf00000080cb14adbf0000002004c4b8bf00000040356ab53f000000c05551a6bf00000080fd31a03f00000060ceccaa3f00000000ab1bc4bf000000407638a93f000000c0fe26353f000000204452893f00000000bd84b8bf00000040acf6c2bf000000204391cc3f000000608c03b23f00000080d1a5cabf000000c09dcaa8bf0000008067509f3f00000040c164d23f0000008091c1cf3f0000004040e995bf00000000e4ffb33f00000000e3e6aabf000000a0dc61b43f000000e0d97fd7bf000000a0fe21af3f0000004063d9c83f000000a0349487bf000000a00cffb33f000000204642bd3f00000060bd39c7bf000000e0eb48563f00000000c2d3ba3f00000060afd4c4bf00000060495db03f000000c0b8ffb23f00000080b4e78dbf000000804a47613f000000c0fd2fbbbf000000e0c7c7c73f000000c0350bc33f000000e0d15fb2bf000000607c06c7bf000000c056d9c13f000000003a82cebf000000003bb3b8bf0000004041f2c63f000000607419c0bf00000040b255cdbf00000060ca2acbbf000000a0ce5680bf000000e00f41db3f000000a0cccbcc3f00000080b63ac0bf000000e0c6f770bf0000002006d1aabf0000008000dcb1bf000000601781bc3f000000a0f7a5be3f000000e0377340bf000000805c2ca2bf000000e04d6ebfbf000000602319b33f000000a02ce8cc3f000000a0d933a2bf000000602b38abbf000000c0c9d4d53f000000006f9eb53f000000802391b6bf00000060ccf5b23f0000004034e5a73f000000c0e66db9bf000000a0aa589abf00000040d29cc2bf000000401a81acbf000000a012e2673f0000000050319bbf0000000073979bbf000000e039b7b23f000000a03e3ac1bf000000e08e23ca3f00000000910ea8bf0000004029b0a4bf0000008039b99abf00000020de82babf000000206434bebf000000a07c139c3f0000008030afc73f000000a00f81cebf000000604087bf3f0000000046f3c03f000000603434a83f000000c0bf90c23f000000c0265b9bbf000000408b03b93f000000e0dc199ebf000000203bbfa6bf000000c03976c6bf000000e070ddadbf0000004064cfa43f000000007ee2a1bf00000060f4ffa5bf000000c0d8c694bf947494622e, '2025-05-04 14:43:59', 'Megan', 0),
(225, 1, 0x8004958b040000000000008c156e756d70792e636f72652e6d756c74696172726179948c0c5f7265636f6e7374727563749493948c056e756d7079948c076e6461727261799493944b0085944301629487945294284b014b80859468038c0564747970659493948c02663894898887945294284b038c013c944e4e4e4affffffff4affffffff4b00749462894200040000000000207c1aa5bf000000807c67a93f000000a0e1039d3f00000020958bb2bf00000080d988b5bf000000a09e7ba6bf000000e0101397bf00000060245572bf00000060b966b43f000000e00add3c3f000000a03818c03f0000008062075f3f000000a0a18ed1bf000000a0ad269abf000000c0563f973f00000020402cb73f000000e002a2bdbf000000802580adbf00000080d257c5bf000000208fa8c0bf000000408ff7763f00000080de53b13f000000e0badc5c3f0000004019b377bf000000e0979fa3bf000000204f31c9bf000000400706adbf0000002067fbb1bf000000a0862aab3f000000c0249ec0bf00000080e379b63f000000a0545ea43f000000608a95c4bf00000040ecb6aebf00000060ac9a76bf000000208f35a13f00000000b0fab6bf000000207ad4bfbf000000a0da46cd3f000000201dae8abf00000080b6a4c1bf000000000d86843f00000080702eba3f000000a0bceecd3f000000802792cc3f00000020d73981bf0000008099f7983f00000040f223893f000000a06bb9bc3f000000a0927bd2bf000000800ac88d3f00000000d35bbf3f00000080f29fba3f000000c0bbdbbd3f00000060730db73f000000a0e568c7bf000000a0da85a63f000000a06ba1c43f00000020aa27c3bf0000008021d3b73f0000002068a2a93f000000a05d97c3bf0000002093cba4bf000000e077a8afbf000000a0300bc33f00000060b4b7a23f000000806568b4bf000000604944c2bf000000a077b2c13f000000409a5fc5bf000000406614afbf000000e0b667c13f000000806341b2bf00000060fc7bbbbf00000000f902d0bf00000060e776b33f0000002094fdd13f000000e07acac03f000000a04208c0bf00000080ef87633f000000a0a216a9bf00000040952596bf000000a0c4ed84bf00000020b9fa6d3f000000e0305cb5bf000000a0658fb2bf00000000e5c7bcbf00000000a182723f00000000f0cec93f000000601851a1bf000000c01369883f00000020902dc83f00000060bbc8a93f00000040db9faabf00000060b780813f0000008074e4ac3f00000020c760b6bf00000060009ca4bf000000203115b5bf0000008019378d3f000000c0c066ba3f00000000a79ecdbf00000080a56d943f000000a0dbdcb63f00000020c5a9c5bf00000080aa39c23f00000060b048a5bf0000004077fb9cbf0000002055f299bf00000080327086bf00000000b054aabf000000006144a03f0000000048dac93f000000c037d4cabf000000a00e13ca3f000000607e72c93f0000002031a58abf00000020c55bb93f0000004000b0a23f000000c04528c33f00000060a3b8b1bf000000e04a3394bf0000006072abbebf000000204657c1bf00000040b4a397bf00000080c39eb03f000000605436783f000000007dd1b33f947494622e, '2025-05-04 14:44:09', 'Megan', 0),
(226, 1, 0x8004958b040000000000008c156e756d70792e636f72652e6d756c74696172726179948c0c5f7265636f6e7374727563749493948c056e756d7079948c076e6461727261799493944b0085944301629487945294284b014b80859468038c0564747970659493948c02663894898887945294284b038c013c944e4e4e4affffffff4affffffff4b00749462894200040000000000a09d43adbf00000000f4768dbf00000020a676a43f000000c00d328bbf000000e016d3bdbf000000600193923f0000006023ac9b3f000000602906b0bf000000608ae0c03f000000e06c96c1bf000000206a91c93f000000a08dfb8a3f000000e0efafd5bf000000409571a63f00000000b1d19c3f00000020fb59c53f000000c04ea8bcbf000000e0aa6ebfbf000000c03095b8bf00000020808688bf00000000231d933f000000a028e8b43f000000c0c024ba3f000000800987b03f000000a09915c1bf00000040a8d6d6bf000000a0e434b2bf000000409fbba3bf000000206ce4aabf000000009755b2bf0000000044e4a93f00000060f525b63f000000c0a11dc1bf0000006047d7b33f000000a0a4adab3f000000e05e67943f000000c0459dbcbf000000e0d715c1bf000000c06f33d23f000000005065ba3f000000200178cdbf000000800264aabf000000c044a689bf000000a0c861d23f00000020ee97cf3f000000a0ae6baabf000000008b65a43f00000020d25bb1bf000000e0e18ea53f000000401448d8bf000000a0bd19b33f000000a092b5bd3f0000002019f180bf000000c0443d9e3f000000605d9ec03f00000020ffa2c2bf0000002039ce94bf000000a07d50c33f000000c0d5cac5bf00000020082c933f0000002046aa60bf0000004033989fbf000000c0b2d3913f00000040d855babf000000801b0aca3f00000000ca02ae3f000000e0b985c2bf00000080bda4b3bf000000402064c83f00000080684ecabf000000e07b04a2bf00000040d759c03f00000060dfbcc0bf000000008b0ed1bf000000c016dacbbf00000040a70784bf000000e0bff1d73f000000400f25c73f00000060959cc8bf000000c0348f92bf000000a0d62793bf000000c018e3a1bf00000080609eb63f000000605b23bf3f000000a0ad84af3f000000609ed2b3bf000000002ba1b1bf00000060140b7d3f00000080fff9cc3f0000008062289ebf000000801064b2bf00000000d19fd53f00000000b3e7a83f000000e0228cbabf00000000ba96ba3f000000807644a23f000000e0567b98bf00000000b72fb3bf00000060b01dc8bf000000201e83a7bf00000060989ab6bf000000a03d3ab6bf000000003bcca1bf000000607459bb3f000000e0706cc7bf000000a04a0dc83f000000c07229a3bf000000408478b4bf00000060dff86bbf000000a06a88a9bf00000080eb10c1bf000000204eb696bf000000008fd7c13f000000804d39d4bf000000c02a13b83f00000040ac91c43f00000040ca5b963f00000040b2c6c33f00000040f3cbaebf0000006066deb53f0000000009c99dbf000000e00330a0bf00000020996ac5bf000000a06014b0bf00000000d9e19c3f0000002018138a3f000000c0fcad773f000000e0c4db103f947494622e, '2025-05-04 14:44:23', 'Megan', 0),
(227, 1, 0x8004958b040000000000008c156e756d70792e636f72652e6d756c74696172726179948c0c5f7265636f6e7374727563749493948c056e756d7079948c076e6461727261799493944b0085944301629487945294284b014b80859468038c0564747970659493948c02663894898887945294284b038c013c944e4e4e4affffffff4affffffff4b00749462894200040000000000807a389fbf00000020783ab13f000000605a73b43f000000e0feae6f3f000000e03064bebf00000080d7ada73f00000040ab58b53f000000e02586bcbf000000e0c2e7c63f000000a0ee6cc0bf000000002d7ac93f000000a0ecc4a6bf000000805c63d7bf000000408bc4b23f00000000493f663f000000004cfac53f00000060d1bcb6bf00000060b470bdbf000000602274a3bf00000060be3785bf00000040ec0f913f000000c0a325b43f00000000256dac3f0000008067afb73f000000802574b4bf00000060504dd6bf000000a08a97acbf0000004076d0a4bf00000080a546adbf000000a04a60c1bf00000000094da1bf0000008009dfbd3f00000060f57fbbbf00000060087db13f000000208c38693f000000c09b199c3f00000000c3fdc4bf000000807ea8bfbf000000a06e54d13f000000c02b86c03f00000080fc19cdbf00000040a43fa9bf00000000b524a0bf00000040c5f1d33f000000a0e9f9cd3f0000006092beb2bf00000020fcb4a43f000000a0f0cbbdbf000000a0ec27b33f000000a01c38d6bf00000060f40da33f000000c08287c13f000000a054e78dbf0000004086f3a23f00000020ce14b73f000000e025b2c6bf000000e048acb8bf000000a0cebcb83f00000080d97ac4bf000000006fe9b63f000000c0553bb63f0000006027f5b4bf00000080fa3d6f3f00000060b487bebf00000000d6d7c93f0000002067beb93f000000402a0cc1bf000000c0c27eb4bf000000e01424c83f00000000bbaacdbf000000607800b3bf000000008b74b43f00000020c422bcbf00000000e914d1bf00000000c539c8bf00000000b9c1983f000000a082a6d43f00000000dc71c53f00000040765ac4bf0000006064929abf000000c01d766cbf00000000fb8a95bf000000e0fa88bd3f000000403adcc83f000000a06063a23f00000080b75390bf00000020f1acafbf00000000e367973f000000c0a1e4ca3f000000202bf5a4bf000000408d7da3bf00000060581cd73f00000040da7587bf00000000f5429dbf000000a05ba7b43f000000203034a33f000000806af0abbf000000e01f388dbf00000020eedecabf000000a0e9869bbf00000020be1db6bf0000000080e6bfbf000000a0975e803f000000206614bd3f0000002040e2c5bf000000a0e8fec63f00000000077eacbf00000000997599bf000000c07ab370bf00000080cf2bb7bf000000606d6cc1bf000000e076d98d3f0000006065e4c53f000000a05f81d2bf000000003baabd3f00000020cb01be3f000000e03715993f00000080fb94bd3f000000e0ea9890bf0000002059d4b63f00000000465c8f3f000000e02aa6b2bf00000020dbb1c8bf000000e0e6e0743f000000c07be2b03f000000a0050b743f000000009f6d98bf000000e0e34a78bf947494622e, '2025-05-04 14:44:41', 'Megan', 0),
(228, 1, 0x8004958b040000000000008c156e756d70792e636f72652e6d756c74696172726179948c0c5f7265636f6e7374727563749493948c056e756d7079948c076e6461727261799493944b0085944301629487945294284b014b80859468038c0564747970659493948c02663894898887945294284b038c013c944e4e4e4affffffff4affffffff4b00749462894200040000000000a0aa6492bf000000809597a93f000000c05a739c3f000000804c4c93bf000000e0e21dc2bf000000a01d40a73f000000e023c5b53f00000000e37cc1bf000000406b8dc43f000000c0fcb4c1bf000000c05d3ec63f000000a0c95aa5bf000000809c59d6bf000000806835ac3f000000c08e128f3f000000c0faefc23f00000080f801bdbf000000c03fd9c3bf000000804546b1bf00000040048d8abf00000080663a913f00000040126eb23f0000008074cfb13f000000e047d4b93f000000e07d81babf00000040878ed7bf000000603be6b5bf000000608505a3bf00000060c35ca3bf00000080f129c0bf000000002f366b3f00000080c868c33f000000008956c1bf000000c0370eb03f000000c016809d3f00000040d7ed7d3f00000020ac15c0bf000000800ef7bfbf000000e0febdd13f0000004044b2ba3f0000008022ceccbf00000020c189a9bf000000e063d28bbf00000000fb20d43f00000060bda6cb3f000000e033b7b1bf000000603526893f000000a0f31ab5bf000000c0a1e4ad3f000000007cc0d7bf000000a07f76b13f0000000012e7c23f000000c0ab954a3f000000c043a8a53f000000e03a7ebc3f0000004032d1c4bf00000080faf8a8bf000000804d5fb83f000000004407c6bf000000e07485b33f000000c0dbafb23f000000003d35b8bf000000a0e2429c3f0000008081fdc1bf000000007f1cc83f00000080a162b83f000000809ba5babf000000607baab5bf000000c0766ac23f00000000df78cfbf00000020a553acbf000000a09364b63f000000c024adbabf0000008003efd0bf000000808cffc8bf000000e0b32072bf00000020548bd33f00000060c914ce3f000000c080fbc9bf0000000025a6a2bf000000a0d2a791bf000000802e6378bf000000a0debbc23f000000c00743be3f0000002067f6a03f00000060e19fa3bf00000000e6b8b7bf00000060d12d8d3f000000808ab0cd3f00000060e347a4bf000000604adeb1bf00000000d31ad83f000000c06ef93a3f000000408c5fadbf000000609526bb3f000000e0de1d8b3f000000602acca7bf000000208cdea8bf000000604987cabf00000020ea9d76bf000000405137babf000000c07397bcbf00000000aec29fbf00000080c2adbc3f000000e09878c5bf000000e063d0c63f000000208573afbf0000002017acaabf000000406be3a1bf00000080b4d0b7bf000000805c4dc5bf000000e07ace81bf00000040ddafc53f0000000017a8d3bf000000800842be3f000000a06dd9c03f000000e0271e7dbf000000800a8ac23f000000205407a5bf000000002fa6b63f000000e092b39fbf00000080ba1cb6bf00000020bee9c3bf00000040b03aa0bf00000080978fbb3f0000004002913fbf000000404e5e8dbf00000060fdf399bf947494622e, '2025-05-04 14:44:57', 'Megan', 0),
(229, 1, 0x8004958b040000000000008c156e756d70792e636f72652e6d756c74696172726179948c0c5f7265636f6e7374727563749493948c056e756d7079948c076e6461727261799493944b0085944301629487945294284b014b80859468038c0564747970659493948c02663894898887945294284b038c013c944e4e4e4affffffff4affffffff4b00749462894200040000000000e04bc2b6bf000000c012bfb53f000000c00ed89d3f000000201197b2bf000000e09de7a6bf000000003b0080bf00000020eaa3afbf000000c08c2e96bf00000060c193b23f000000c0d62fa8bf000000e0ea08c73f00000000b16f8f3f000000a0e7a0cdbf000000a0902a78bf00000020ce84a53f000000e0af29be3f000000205604c3bf000000804868b5bf0000008078e6c7bf000000c0a545c1bf00000000804c8dbf000000e09c42ad3f0000002016b8913f000000203e47733f000000409dbabbbf00000000727ecbbf00000040fd1fa8bf000000a0d798b1bf0000002058b3c03f000000a0bad0bfbf000000a05f47993f000000e0819f8dbf0000004045d5c1bf000000409a82793f00000080bcbc983f00000080ff66ae3f000000206d11b7bf00000060b35dc2bf000000000e96cd3f000000c0843d773f00000040df16c1bf0000002095604e3f000000e01d21b93f00000080e64ece3f0000006055b3cb3f00000000caaa9a3f000000a0bded953f000000c04b8b97bf000000a09104bc3f00000020b5cfd2bf00000060610ab03f000000c0d2ffbd3f00000020a858b53f000000806dc7c03f000000e0835bbe3f000000c0a567cbbf000000005a8eb43f0000008089ffbf3f000000a0c830c2bf0000000020e3b83f00000060725cb03f000000a0c50bbebf000000805dfcabbf00000020f519b2bf000000a07d96c13f00000000a1dbb53f00000060c324b7bf0000006010fbc4bf000000e05287bb3f000000c0234dc4bf000000a03cc7aabf000000003cb1bd3f00000040d2a1afbf00000060bda5c2bf00000020140fcebf000000c0ea00af3f00000080144cd13f000000e0c47bc83f000000e0df20c2bf0000004076f0953f000000c096f3a63f000000c0cc86a6bf000000607f43b33f00000040f02aa43f000000c06197bbbf00000040fb76bcbf000000e0237fb8bf000000c04619763f00000080bd6cca3f000000e0762d8fbf000000c0e2de833f000000802288c43f0000008042ff903f000000204349a1bf00000040d288533f000000e0dee3ae3f000000804dc3bfbf000000c0acf6423f000000e038d1a9bf00000060ecb6a03f0000008012b8b83f0000008011cfc5bf000000c0a4e26f3f000000604b9db13f000000c0a8dfc2bf00000000d09bc43f000000003e92a1bf00000000153f9ebf00000000121b743f000000e02833823f000000a0b90cb6bf000000006dfa953f00000060bff2c53f00000080327bccbf00000080ae1bcd3f00000000185dcf3f000000603d60893f000000e0594eba3f00000040098db93f00000060f8bcc13f00000040561d82bf000000e0a4c7ac3f000000c0ac5bc4bf00000080d67ec0bf00000060dcef9fbf0000002080b18ebf000000a0ee4a7abf00000060c6aead3f947494622e, '2025-05-04 14:45:08', 'Megan', 0),
(230, 1, 0x8004958b040000000000008c156e756d70792e636f72652e6d756c74696172726179948c0c5f7265636f6e7374727563749493948c056e756d7079948c076e6461727261799493944b0085944301629487945294284b014b80859468038c0564747970659493948c02663894898887945294284b038c013c944e4e4e4affffffff4affffffff4b00749462894200040000000000404a089fbf000000e065fba13f00000020891cad3f00000060f3ed87bf000000c0324fc1bf000000a02767aa3f000000205a03ac3f000000c06dbdb7bf0000000067b1c33f00000000f729c2bf00000040bd50c43f00000080b1709abf000000003946d5bf000000a04c9aad3f000000c0e1f1843f000000c0b219c53f00000080d724c1bf000000c096e0c8bf000000e09170b3bf000000803cf0623f000000c0e88e913f000000e0d654b73f000000c088cba53f000000003178b53f00000000198bbabf000000805be6d7bf000000608fceaabf000000602218a4bf000000e0e0fa98bf000000800adebdbf000000e0b41ca73f000000e061d7c13f000000c09d00c2bf000000a05ea9b03f000000c0a0e5a13f000000e006da923f0000004093d7b6bf000000205b72c3bf000000601500d13f00000020bbefbf3f0000004029d4d0bf00000020441ea6bf00000060674722bf000000c03c44d43f000000e05196ca3f000000e0e510b1bf000000e046593bbf00000020e541b5bf0000006000e6a93f000000e09805d8bf00000020cb42a73f000000409399c23f000000c057b588bf000000a0ce96b03f0000000030f9ba3f000000204593c6bf00000080172c92bf000000c0f8f9b63f0000002013ffc4bf000000c0ef03b13f0000000084a6a63f000000004036b6bf000000a01f13a73f00000040f375c2bf000000a0edbcc53f000000809012b13f00000080824fb6bf000000e038f1b2bf000000801c90c53f000000600e7acbbf000000c000a6b4bf000000c0543ab93f000000a08b15bbbf00000060ccdfcdbf00000060e53dc8bf0000006028ef98bf00000060daf0d53f00000080a86acb3f00000000d928ccbf00000040b80fa5bf000000c03934953f000000c026e08ebf000000c022f2c03f000000c02f33c53f000000402febac3f00000000c296aebf00000040d171aebf000000c01eef763f00000040b983ce3f0000004032b414bf00000000381db1bf000000c0cc39d53f000000e0263d963f000000a0cae3b2bf000000e04ec2bd3f000000c07a8e893f00000080f61599bf000000406230a6bf000000206f88ccbf00000080ecc5a0bf000000c07789bdbf00000040a1c7b4bf000000c07c75a6bf000000e0eb6bbd3f00000000a97dc3bf0000000010d5c63f00000060576493bf000000c0780eb3bf000000c03fa887bf000000c0c8f8a5bf000000a02485bcbf00000060882663bf000000e032e2c43f0000006021fed0bf000000405152c13f00000060e98ec43f000000c07ea3933f000000a05f9ac23f000000006c25a8bf00000000d1a0ba3f000000a0f5c4a3bf00000040c8b9b2bf000000e07a37c5bf000000c06102aebf000000807978b13f00000020b92172bf000000c09ce092bf0000000026f295bf947494622e, '2025-05-04 14:45:22', 'Megan', 0),
(231, 1, 0x8004958b040000000000008c156e756d70792e636f72652e6d756c74696172726179948c0c5f7265636f6e7374727563749493948c056e756d7079948c076e6461727261799493944b0085944301629487945294284b014b80859468038c0564747970659493948c02663894898887945294284b038c013c944e4e4e4affffffff4affffffff4b00749462894200040000000000000c74a7bf000000809a79a23f00000000074dab3f000000c0f9818cbf000000a06d74bfbf00000060dcdda43f00000060957cab3f000000800e1ab5bf00000040aa68bf3f000000609ec4bdbf00000040c377c93f00000020c596a0bf000000e0d686d6bf000000c03a60ac3f00000060f292943f000000c0c15cc43f000000600c18bbbf0000000062fdc5bf000000609f17b8bf000000006bb3993f00000020333fab3f00000080c858b33f000000a086d3a53f000000c0a659bc3f00000000a80eb8bf000000e08440d7bf00000040a374b2bf000000c09a9facbf000000c003f6aabf000000c08232c2bf00000080496e79bf00000020b081be3f00000060337dc1bf0000004068dea73f00000000ec77a83f000000202c5e9e3f000000a0102bb9bf00000040a869c5bf00000040e6cdcf3f000000e05c8ebc3f00000020041ed0bf000000e04e889bbf00000080f4269a3f00000060fd70d33f0000004052b2c63f0000000077e2a6bf00000040a944a53f000000804004b4bf00000080b7929c3f0000002046c2d8bf000000c002dfb23f00000060ff64c23f00000020024aa53f0000006040d3ad3f000000e039bbbd3f000000208435ccbf0000006002c591bf000000802bc4ab3f00000060c026c5bf000000c06c9bb43f0000008043b4ac3f00000040f386afbf000000c09cea933f00000040412dc2bf000000c0ad68c63f000000c0ab34be3f000000c08da9bcbf0000008016b3b7bf000000608bbec33f00000040e938ccbf000000402504b5bf000000403d89bd3f000000e09bc9c1bf000000e0132ad0bf00000060d3b5cabf00000080851594bf000000c09aa0d63f00000060907dcc3f000000c098a8cebf000000004e27a9bf00000060b3af91bf000000e0ef388e3f000000c0ccd4b93f000000401a84c33f00000060c9a1a43f000000204f4b92bf00000020213cb9bf0000002019a8903f000000a0e930cd3f00000040612993bf00000020d279b3bf00000040fc2ad43f00000040101aa73f0000000008a1b3bf00000040bcd0be3f0000008093fa9d3f00000000bc0195bf0000000065dfb7bf000000e06a38cbbf000000401f009abf00000000f0bdc0bf00000000cbfdb6bf00000000647bb2bf000000c057b1be3f000000c0e8a0c4bf000000c00012c33f000000c0fc56a3bf000000202e9cb9bf000000e0f842abbf000000a0b74c9fbf00000020f0d8c0bf000000c0af6682bf00000040c185c03f000000609e4ed2bf000000a0aa20bb3f00000000ce1bc63f000000605fa4953f000000400b3ac03f000000c061aca6bf000000203ffbbc3f000000009662a0bf00000000fd38b2bf000000209b0cc5bf000000804ccab4bf000000006f63b03f00000000caa29c3f000000c0b6099abf0000004025499dbf947494622e, '2025-05-04 14:45:39', 'Megan', 0),
(232, 1, 0x8004958b040000000000008c156e756d70792e636f72652e6d756c74696172726179948c0c5f7265636f6e7374727563749493948c056e756d7079948c076e6461727261799493944b0085944301629487945294284b014b80859468038c0564747970659493948c02663894898887945294284b038c013c944e4e4e4affffffff4affffffff4b007494628942000400000000004033cab3bf00000080c56ab23f000000a094ad82bf000000a0f7b7b6bf000000e0a5eec3bf000000a0984d833f00000020af8ba83f000000c0d8d9c3bf00000040e294b93f000000c02f09c0bf000000008e6fcd3f00000060b04fb7bf000000400b78d3bf000000e02a47723f0000008036329e3f000000609660c33f000000a0b247c3bf000000a0aae7bebf000000e0409ac2bf00000020bea07fbf000000a0516ca6bf00000000828cbb3f000000c06100b93f000000a065dac13f00000060d39fb7bf00000020514bd7bf000000c06df6b4bf000000e0117ab4bf00000020a53b95bf000000c0935eb3bf000000a0bfde8d3f00000060ea3ec03f000000209053bcbf000000e0544cab3f000000c0812da73f000000c0782c803f000000c090e4b9bf000000004195aebf000000a0ca4bd23f000000a05f5daf3f000000206246ccbf000000406f1d97bf000000a06e8da83f000000206542d33f000000406c5ace3f000000a028058cbf00000040b30ca93f000000803d6dc1bf000000e0c0bbb13f000000c0ce24d5bf000000e072fcb93f000000201975c23f000000600d0782bf000000001a919e3f000000c0d647b93f000000e0f63cc5bf0000002004daa6bf00000080cd6aba3f00000020f4c7c9bf000000c0eb15983f00000040f140b43f000000a0df14a0bf000000e07f7591bf000000c017bfc0bf0000006007f8cd3f00000060f76ebf3f000000a0fa7bc0bf000000408027c5bf000000009537c23f00000040a452d1bf000000e08ceeb9bf00000020bbf2bf3f00000080b0e2bebf000000c0fec7cabf00000000076ad2bf000000e06d7082bf000000002b81d23f000000e03c0cca3f000000e0c95fc7bf000000e064fe9abf000000e0e0b2afbf000000c088e9a6bf000000406d03ba3f00000040aad8b53f000000006d4e8abf0000008000dfb3bf000000604af9b9bf00000000702075bf0000006054e7ca3f000000a0aa28b0bf000000608618a8bf000000a04d04d53f000000a09753b03f000000c00bbfb5bf00000000979ab63f00000020119eae3f0000004014c4b9bf00000000c50eb1bf000000c096e4c8bf000000004813203f000000c09b0ab5bf000000a0dda2a6bf0000006072e594bf000000c040f3bc3f00000020b910c9bf000000402a27ce3f0000006055fab3bf000000806ab9b8bf000000e00985b0bf000000e0604fb8bf000000e02b28bdbf000000206d4ea0bf00000060ccdcc53f000000a0b165d2bf00000020be44b93f000000a0a967bd3f00000060c6c9a83f00000000d1a8c43f000000805e5f603f00000000292db83f00000080c417b2bf00000000f88c8ebf00000000c043c4bf000000c02b3aabbf000000404db5bc3f000000c09eb174bf000000e04299983f000000805c3c8d3f947494622e, '2025-05-04 14:45:56', 'Megan', 0),
(233, 1, 0x8004958b040000000000008c156e756d70792e636f72652e6d756c74696172726179948c0c5f7265636f6e7374727563749493948c056e756d7079948c076e6461727261799493944b0085944301629487945294284b014b80859468038c0564747970659493948c02663894898887945294284b038c013c944e4e4e4affffffff4affffffff4b00749462894200040000000000805145b6bf000000002db9ae3f000000a0f073953f0000006044cbb2bf00000080cd4bb8bf0000004042a6a1bf000000209f2173bf000000e08355a7bf00000060c75db73f00000040db559abf000000e06241c33f000000a05fdd90bf000000406cddcdbf0000004071c6a2bf000000e04c96983f000000c07a28b83f000000c0b527c1bf000000e0e926b1bf000000a0a141c3bf0000000023afc0bf000000a03a0d933f000000800870a73f00000020280a933f000000808c00acbf00000000886fb8bf000000a0a9b4d0bf000000c0042db3bf00000020d237b3bf000000606519aa3f000000e00c35b7bf000000607103ae3f00000040d17b533f000000601048c9bf00000080dbd4b2bf0000004032798fbf000000e03bd0b23f00000020b3ecc1bf000000a0f7dfc0bf000000007cf6c83f000000a0ac4d8cbf00000060a10fbebf00000040d546ae3f00000040a26dc03f000000a0e9d8ca3f00000000d4b2cd3f000000a0dbf395bf00000080327d983f0000002047289abf000000c0953bb63f000000c04b03d2bf000000607c159e3f00000000aa90be3f000000201434b13f00000000868fc43f000000600ce9b53f000000a0831bbbbf00000000e212b03f00000020ea22c23f000000801b55bebf0000006037c3b63f000000606cffb83f00000020504dc2bf000000005f1ea9bf000000202407aabf00000020ace6c33f000000a0857daa3f000000e0a45aaebf00000000ab0fc4bf000000a023f8b53f000000c05d4fc4bf0000008050dcb6bf0000006060b8b43f000000409b11b2bf000000600474bfbf000000007587d0bf000000408e08be3f000000409243d23f000000e068c1c23f000000401fe2bfbf000000c0a8657b3f000000805047b4bf000000805aa59bbf00000000fae89d3f00000060df3b7b3f00000000d78c9bbf00000080bddebdbf0000008022fbc1bf000000e026db7f3f00000040db91cd3f000000a02c9bb2bf000000c0d211913f000000a096e8c83f0000002027c8a73f000000c038559fbf00000060da70563f0000002017dcb13f00000060e273c4bf000000c0f2a794bf000000202b43b3bf000000002fc49bbf00000080434dc03f0000008028ddc8bf000000a042cd6ebf000000e06130bb3f00000060d130c5bf00000020c264c63f00000000077facbf00000000552da2bf0000000061b2983f000000a02f81a9bf000000c0a3189ebf00000000c75a873f00000060397ac33f00000060c8ccc6bf000000a09422cd3f000000e06e32cb3f000000c0855a78bf000000e0e265bf3f00000080d5fbb33f000000400749c03f00000040f5a3b1bf0000000085b1a93f000000e0a3f2c1bf00000000cba7bdbf000000e0a7d6a9bf000000c0a4dfb73f000000c0ee6995bf000000c0adf0b23f947494622e, '2025-05-04 14:46:07', 'Megan', 0),
(234, 1, 0x8004958b040000000000008c156e756d70792e636f72652e6d756c74696172726179948c0c5f7265636f6e7374727563749493948c056e756d7079948c076e6461727261799493944b0085944301629487945294284b014b80859468038c0564747970659493948c02663894898887945294284b038c013c944e4e4e4affffffff4affffffff4b0074946289420004000000000060a20da9bf000000c0bc7cb43f0000000026bda43f0000008026f491bf000000208f8bc0bf000000608a229f3f000000606fe0af3f00000080557dbebf00000020ab34c03f00000040b69cbebf000000206b23c93f000000c0fbf1acbf00000000d76ad5bf000000a06998a13f000000401818a13f0000008050d5c53f000000a0a047c1bf000000e02e72cabf0000000016bec0bf0000000050834b3f000000808284963f000000800847b13f000000405238aa3f00000000badbbe3f000000803733bbbf00000000492fd7bf00000060b4dea5bf000000202919a8bf00000040260ba0bf000000c0e7c0c2bf000000a06b1d743f000000e07adbbe3f000000e05c42c2bf000000002786a73f00000020f0bda23f000000e02958723f000000e0a1f5bdbf000000806139c0bf000000e08ab9d13f000000a0c919b23f000000c0fdf3cebf00000040fd5794bf000000e05a88a03f00000020f902d43f00000020935dcd3f00000040e62ca4bf000000e02508a13f000000807694bbbf00000020cb07a23f00000060dcfcd7bf00000020f96dab3f000000c021cbc33f000000c0b14b943f00000080e5c5b03f000000803517b93f000000e09609c9bf00000020be99aabf00000040f640b23f0000002025e0c5bf000000e069bdb13f000000e00e23ae3f00000060983bb3bf00000040b28c783f0000008071c3c4bf000000a0d6abc93f00000060fb32b53f000000e0b203bebf000000403141b4bf000000c03aa4c33f000000c0668bcebf000000207402b6bf000000c0832fb73f000000c0b272b9bf000000807e8dcfbf000000204e4bccbf000000406b2ea1bf000000a01023d53f00000000f877c93f000000a018cfcdbf000000008a549ebf00000060558a45bf00000080eed091bf000000007147b53f0000008038b4c03f00000000046e81bf0000002000d7a0bf000000808e8cb4bf0000008038489d3f000000a09d61ce3f000000a094d390bf00000040b71ea4bf000000205c2bd53f000000807bfea93f00000020daa5b7bf000000c03d37c03f0000008041e29d3f000000e061b69abf000000e0ef7fb2bf00000020152accbf000000603bce6cbf000000806cccc1bf000000e0fd08babf000000801d04a7bf000000805216b83f000000209926c4bf0000004019cfc73f000000806049a1bf0000000090f4b2bf000000c02582afbf000000a03c81a4bf000000808561c0bf000000e03c989fbf000000207cd4c33f000000406f3dd2bf000000001130b93f000000e07acdc53f000000e006c0a03f000000a00913c23f00000040667da5bf00000020bc7ebe3f0000006094d8a4bf00000060d96aa1bf000000603252c4bf00000000cd07aabf00000060a477b83f000000e044d9623f000000c05dd0673f0000000054597a3f947494622e, '2025-05-04 14:46:22', 'Megan', 0),
(235, 1, 0x8004958b040000000000008c156e756d70792e636f72652e6d756c74696172726179948c0c5f7265636f6e7374727563749493948c056e756d7079948c076e6461727261799493944b0085944301629487945294284b014b80859468038c0564747970659493948c02663894898887945294284b038c013c944e4e4e4affffffff4affffffff4b0074946289420004000000000020e2ddb6bf000000e053c59f3f00000000e94da43f000000c0a4ef94bf000000004d01c1bf000000409ec1873f000000404a45a63f000000a0d2a0b4bf00000000232cbe3f000000e071dabebf000000c089a9c63f000000207b21a9bf00000080b562d5bf000000e008f3ac3f00000060a45d75bf000000c01d9dc43f00000080ee0dbbbf00000020db49c6bf000000803c98babf000000a0d76d873f000000808338973f000000404433b13f000000a03130b03f000000c0657bbb3f000000007dd9b2bf0000008061fad6bf0000006065adb0bf00000040e75eb1bf000000407b3fa1bf000000a09543bdbf0000008097c3a53f00000060cda6b63f000000000694bebf00000080cb28ad3f00000060ab44ae3f00000000faaf923f000000a0e0f3b6bf000000604d35babf000000c0e123d23f00000040b85caf3f000000a03146d0bf000000a0300fa7bf000000e03ce7a83f000000a071f6d23f000000c0ec84cc3f000000e0689087bf00000060ac9c8d3f000000402dbbbbbf000000a0e12ead3f000000c08847d7bf00000000b311b53f00000060cdd0c13f000000e04805a63f000000607df2a63f000000604ac2c13f00000000f03cc5bf00000040282490bf000000608235b83f00000040ca67c4bf00000000867baf3f000000208f44a43f000000e091f3a3bf000000209a219f3f000000806a18c2bf000000a0e808ca3f000000a098ccac3f000000601a56bcbf000000e027a1b2bf000000007940cb3f000000c04977cfbf000000e03550aebf00000080a782be3f000000e0aaedb6bf000000007499cdbf000000601655c6bf00000000d3f5abbf000000c066f4d63f000000c0cdadc93f000000c0b979c9bf000000202d7a71bf000000a0126c9bbf000000c08153abbf00000020cdc7ac3f000000200806c03f0000006081318e3f0000004023deaebf000000808d16afbf000000200ebf90bf00000060e62ecf3f00000080fa8a93bf000000a0fe6c74bf000000204880d43f000000e0c337ab3f00000020b98eb6bf000000e098f3bd3f000000c0a5e1373f00000000b8e8a2bf000000005469b3bf00000040e1d4c8bf00000080634aa3bf000000e0fcd6c3bf000000801dcebcbf0000002075eba0bf00000080ba50b43f000000a033e8c9bf000000407573c63f00000040f7e3a3bf0000004017e1b1bf00000000ccf4a0bf000000201e6d84bf00000060efa7b7bf000000602aca96bf00000000bdacc43f000000602dfed1bf00000080982dbc3f00000020b044c23f000000a056529f3f00000080f545c13f000000a02220acbf0000004033d4bf3f000000c04c9394bf00000080360facbf000000e0cb26c5bf000000205a96aebf000000601bf3aa3f000000608ebf9fbf00000040242b92bf000000602fb6913f947494622e, '2025-05-04 14:46:40', 'Megan', 0),
(236, 1, 0x8004958b040000000000008c156e756d70792e636f72652e6d756c74696172726179948c0c5f7265636f6e7374727563749493948c056e756d7079948c076e6461727261799493944b0085944301629487945294284b014b80859468038c0564747970659493948c02663894898887945294284b038c013c944e4e4e4affffffff4affffffff4b007494628942000400000000008012469bbf00000000547da93f000000e054279d3f000000e0cda29cbf000000e07075c1bf0000008082d6a13f000000a002c1b53f000000c0d0e3bcbf000000e0e0a8c33f00000020f9b1c2bf000000600ba1c83f000000e0d193a1bf000000e02375d5bf000000e0f16ea43f000000a0c4d4a03f000000e0cbaec43f000000e06c58c0bf000000a0d39ec4bf000000807223afbf000000005abb87bf00000060cfba923f00000000e311b33f000000201069af3f000000e03e57bd3f000000c08bc5b9bf000000e0e00ad8bf000000a06e5ab0bf00000040ecbba1bf00000020b2b3a4bf000000003f5cc0bf000000605ac497bf000000c0f522c23f000000e02f4fc1bf0000002071c4b13f000000c0b818a13f000000209a2a49bf000000a0e71ec0bf000000001f68bbbf00000080f7f2cf3f00000060a21ab83f0000000037b3cfbf000000e00e4293bf000000407111413f000000c0a911d43f000000202ad9ce3f00000020d2c1b0bf00000000a79c7c3f00000080507bb5bf00000040f75ea93f00000000133dd9bf00000080f01eb13f000000a05930c13f0000006056a4763f0000006095379b3f00000060799eb63f000000a0f208c7bf00000060d8c6b1bf00000060ad29b33f00000020c3bdc5bf000000e0037cb13f000000e0ebe0b03f00000060351bb9bf000000605514923f000000c038fabfbf00000080448ac73f00000040f743bd3f00000080a95bbfbf00000080c5dbbabf0000006039b1bf3f0000006017d1d1bf00000060cb39b0bf000000e0fc86b43f000000405c38b8bf00000060f2c3d0bf00000060e9f4cbbf00000000a75484bf00000020d7bcd23f000000a0c317cd3f000000e01d04cbbf000000804cdb96bf000000401ab08ebf000000804525943f000000003fd9c13f000000208dd4c13f0000004049de933f000000807c8ca3bf000000804939bbbf000000a0e7d4753f000000a0ea6dcc3f00000080b005a3bf000000009080b1bf00000080cfe0d73f00000040f9ce8c3f00000000685da5bf000000e0add1bc3f000000803e42a03f000000609a2ba9bf000000e0d4f7b0bf000000c08c84cbbf000000e0c66682bf000000402c38c1bf000000a0896cbabf000000601f82a5bf00000040d9a7c03f000000a0fe3ec7bf000000a07ea2c93f000000a0766fb2bf0000008098eea8bf00000080dbb5a0bf000000a051ddb0bf00000020d9d6bfbf000000604bd198bf00000000e6b9bf3f00000000e3d8d2bf000000c0e1f5ba3f00000000e6b3c33f000000800e72983f000000800f0dc43f00000020e742a2bf000000a03d8db13f0000006006d09fbf00000080b691b1bf00000080d81ac5bf000000a017fb93bf000000e085e9b53f00000080095e90bf000000204ff58abf0000002048aa94bf947494622e, '2025-05-04 14:46:56', 'Megan', 0),
(237, 1, 0x8004958b040000000000008c156e756d70792e636f72652e6d756c74696172726179948c0c5f7265636f6e7374727563749493948c056e756d7079948c076e6461727261799493944b0085944301629487945294284b014b80859468038c0564747970659493948c02663894898887945294284b038c013c944e4e4e4affffffff4affffffff4b00749462894200040000000000801bcdb4bf000000606895b73f000000a024567abf000000405b7198bf00000000a1f0b4bf00000080a5d6a3bf000000002ef2843f000000a0f0ccbcbf00000040c3adc03f000000c050029fbf000000c019a8c43f00000060230ea8bf00000020bcb8cebf000000608dc5b1bf000000e0b261a93f00000040995db53f000000803ee1c6bf000000202230b9bf000000c0576ec0bf0000006063b4a4bf000000203232a0bf0000004016dba93f000000e093a3ab3f000000e0d96a813f000000c03890a7bf00000040e674d3bf00000000676db5bf000000c01fb9b9bf00000080a680b83f0000002058be97bf00000060f909683f000000c08771973f000000a0e1d9c8bf00000080caa8b6bf000000608586a33f00000040fe55b33f000000e0370bc0bf000000c067f7a7bf0000004030e8cd3f00000040e70794bf000000200e9ec3bf000000c0a196b6bf000000400a6cb13f00000060a0bdce3f000000c0e0dbc73f000000009f71a63f0000006099b09bbf000000a04b8ab0bf000000a0bbb0ba3f00000020ea39cbbf000000003640b83f00000060f13bc83f00000060bcc9c23f000000600f29ba3f000000c02304bb3f000000e0420ab9bf000000809e1aac3f000000c00cb3c03f000000e03f8ec6bf0000008065a3b93f000000c0a36ebd3f000000c0362cb0bf00000040aaa99abf000000a02918b7bf000000a0da5bcc3f00000020ca98b23f000000802c56b4bf000000c0484bbabf00000040a67dbf3f000000e03176c8bf000000000190b5bf000000c09f89b23f000000409f63aebf00000040a2c8c8bf000000a08444cebf000000e07e8da1bf000000c05bf8d43f000000a088d6c53f00000040f4dcc4bf000000c0b7b97c3f00000040af48a3bf00000040cc86bbbf000000603533be3f000000c05b2eb53f000000802b90b5bf0000000032ba903f000000e0f723b4bf0000000044b267bf00000000855bca3f000000e071a6a5bf000000a03736353f000000403e3dd03f000000406ddf8cbf000000e0d191943f00000080c031a53f00000080a98fa5bf00000060420e95bf000000e0e6d385bf000000e09e4bbabf000000e06c7792bf000000202b44b53f000000a0fed2c6bf000000605a90913f0000008007f0a33f00000040eb1cc2bf000000a07a29c23f00000000666da23f000000a0f0c6b23f000000808f8bac3f000000c057a5a9bf0000004036fdbabf000000604bc0a8bf000000e064d6cc3f000000205c20cdbf000000e0a08acf3f0000004066c4bd3f000000600a7bafbf0000000040e4ba3f000000802aa6a43f0000000067e4c23f00000000f925a1bf000000a09615a7bf0000000052c2c4bf000000c07a3eb1bf000000c0023fa33f000000a0528290bf000000e0af7eb13f000000600dbcae3f947494622e, '2025-05-04 16:39:18', 'Baron', 0),
(238, 1, 0x8004958b040000000000008c156e756d70792e636f72652e6d756c74696172726179948c0c5f7265636f6e7374727563749493948c056e756d7079948c076e6461727261799493944b0085944301629487945294284b014b80859468038c0564747970659493948c02663894898887945294284b038c013c944e4e4e4affffffff4affffffff4b007494628942000400000000004044b7babf00000080f7d4af3f000000806b209dbf000000a0d12a8bbf000000c09390b2bf000000209890a7bf000000206a7e943f000000206004c2bf000000a06b77b63f000000c066aa8ebf00000080001bc33f000000a0522babbf000000602b15cfbf000000e06940b6bf000000006de5a73f000000e08d3ab03f00000000e652cabf000000c0c3dab5bf000000c06019bbbf000000602a5ca5bf000000204df399bf00000060a02eba3f000000a0028c933f000000e0070d903f000000a0b8d2aabf000000a03200d2bf00000080561dbbbf0000000096bcbabf000000c02d0cba3f000000608b6f41bf000000e04a8449bf000000e020b4b03f000000a0389dcdbf000000805fe9b4bf000000c052c6ab3f00000080320cb03f00000040e524bdbf000000e076a5a4bf00000020b49ccd3f00000000ecaea23f000000e0042ac3bf00000040250db9bf000000404af5b53f00000080cb28ce3f00000080a0fcc73f000000a01c3d723f00000080a8d7afbf00000040831798bf000000409a6ab13f000000c088e2cabf000000403a7cb13f000000e0d5f9c83f000000a0b2a7c53f000000a05223ba3f00000020440bac3f0000008009eabdbf000000e08158a23f000000606965bd3f00000080425ecabf000000c0bd4fb83f00000060e871bb3f00000080c3a0bebf000000a0b5b399bf000000604e1692bf000000202f0fc93f000000a03786b83f00000020251aaabf000000206064c4bf000000602b54c43f0000004091a9cabf000000c0671db5bf00000040f321bf3f00000060268ea4bf000000803e54c5bf00000020d859cdbf00000020d2d694bf000000e013e4d63f000000200ee3c23f000000e00697c2bf00000080665a8cbf000000c0bcb9b7bf000000c04817c2bf00000040a889bf3f00000020ed32a93f00000000e3c2b3bf000000609b8f7bbf00000020b600b8bf000000000bec743f00000000ebb0cb3f000000607b6b77bf000000001cf090bf00000080eff9d03f00000040365f2b3f0000002062f6813f000000c0c035b13f000000c0aeb5a8bf00000080b77781bf000000808471a3bf000000a0fb66b5bf00000040bf83aabf000000a05203b03f000000605a26c8bf0000008077f79e3f00000060a2ccbc3f000000e0fe8bc0bf00000020f40ac23f0000008021a0a63f000000604efaa03f00000000d0e0a73f0000006000e9afbf00000060d3b0b8bf000000a0b998a4bf000000802d3dc93f00000000362bcebf000000a0a85ccd3f00000020507bb33f00000000bd76aebf000000e09baeb83f000000606d358c3f000000009decc03f00000020aa5caebf00000040fac5b5bf00000020b964c6bf00000040d4d4b3bf00000020f958a93f00000020057e77bf00000080d3a2b03f000000a07020a23f947494622e, '2025-05-04 16:39:25', 'Baron', 0),
(239, 1, 0x8004958b040000000000008c156e756d70792e636f72652e6d756c74696172726179948c0c5f7265636f6e7374727563749493948c056e756d7079948c076e6461727261799493944b0085944301629487945294284b014b80859468038c0564747970659493948c02663894898887945294284b038c013c944e4e4e4affffffff4affffffff4b00749462894200040000000000809212b4bf000000c09c3fb33f000000202390843f000000200adf9dbf000000800bf7acbf00000000d30faabf00000060d291a3bf000000c08db1c0bf00000000860fc63f00000060866bc3bf00000080f3edce3f000000a0fe6992bf000000a0816ac9bf000000a0b1cab5bf000000c0ca2c943f000000a0894cc73f00000040b979c6bf00000000eb3fc1bf0000004067a29bbf000000c035749e3f0000000010c5b43f000000a0772da7bf0000004069fd9f3f000000e0c26baf3f000000c0b618acbf00000040b9c7d5bf000000404099bcbf000000c0c0bfb4bf000000a0e5e39e3f000000a0448b94bf000000003655b8bf00000060b9c7823f000000a06a8fc4bf00000040b4e0a1bf000000c026998e3f000000e041e4b03f000000409afb96bf000000001f63a7bf0000002032f4cf3f000000c0c50da7bf00000020ce34d0bf00000040b96881bf00000000bc68a53f000000c05a0dca3f00000000b289c73f00000000312bb13f000000a09903943f00000020e973c6bf0000002038bbb93f000000809bbdc5bf000000005a0db23f00000080d71bba3f000000c06bb6b83f000000a09e86983f00000000fdb09ebf000000201c05c5bf00000080a986883f00000020131db03f00000040de67c0bf000000800c798bbf000000a05525ba3f000000e0ee2dc1bf000000204aafaabf00000060ccc8adbf00000080f512d53f000000c0d723b93f000000c044e8bebf000000c07a8dc7bf00000020d7f5be3f000000400e56c6bf00000020450eb5bf000000601c10ad3f000000a05f99c1bf000000e02f93c4bf000000806f53d5bf000000800fd157bf00000020ffd0d73f00000020dad3b33f000000607bddc8bf000000403fd9ac3f0000008009ddb7bf000000a0b47b7c3f000000a07476c83f000000e0d0fcc53f00000060797591bf000000a07ac390bf000000e0a413c1bf000000c00697a0bf00000080acd8d03f00000080be4ebcbf0000006038ae99bf000000009252c63f0000008094b5853f00000020bb0ebf3f0000006036df71bf000000806f697b3f000000205601a3bf00000020070d9b3f000000a07ee7c2bf00000080bb0c53bf000000c0dd77a43f00000020e12e9d3f000000c08a8a74bf000000e0b490c13f00000060cd70c6bf000000007213ab3f000000a0b6a331bf000000c0dbae683f000000e05f0bb63f00000080938e89bf000000a0665ec1bf00000060b55cc4bf000000205164b93f000000c0647dccbf000000a0e68ac63f0000000018e1c33f000000009852b33f00000060067ebd3f00000080d911c03f000000e0c2a6c03f00000040d15492bf000000205b6e8cbf0000000054bed1bf00000020a8e4ad3f000000002c38c33f0000008026ba7c3f000000a07725bb3f0000000087a5713f947494622e, '2025-05-04 16:39:40', 'Baron', 0);
INSERT INTO `face_profiles` (`face_id`, `doorbell_id`, `face_data`, `created_at`, `face_profile_name`, `is_blocked`) VALUES
(240, 1, 0x8004958b040000000000008c156e756d70792e636f72652e6d756c74696172726179948c0c5f7265636f6e7374727563749493948c056e756d7079948c076e6461727261799493944b0085944301629487945294284b014b80859468038c0564747970659493948c02663894898887945294284b038c013c944e4e4e4affffffff4affffffff4b00749462894200040000000000a0f01fb1bf00000040499fb63f000000402e1cb13f00000020a6eb67bf000000805665b8bf000000808520b0bf000000602da0a1bf000000e06e00c5bf00000060c5d1c03f000000e0a204c1bf000000a01bc8cf3f000000207f62b8bf00000080dd67cbbf000000e020ccb8bf000000806a449a3f000000c0dd37c83f000000c0f21ec4bf000000e0d0e3b8bf000000e076d5a7bf00000040267f983f000000406ab2b33f00000020e46696bf0000004004deab3f000000e08b77b03f000000e041ae98bf0000008099e4d5bf00000000c4ddbcbf000000006f62babf000000e0fb7aa83f000000007b9f90bf000000c0c559babf0000006075919b3f00000000e4c4c4bf000000402dcfb1bf00000080019e803f0000008038bba33f000000c0f95686bf000000209a76acbf00000040674dcc3f000000c04719babf000000a00421d1bf00000040fe5e9abf00000040ff42aa3f000000a069bbc13f00000020aa59c73f000000c0ac97b53f00000040b35f783f000000207d26c5bf0000002062b2b03f00000040d076c6bf000000201d13af3f00000020eac5b53f00000060ff56b43f000000603f77923f000000c06bf398bf000000403d8bc8bf000000c09c0185bf000000404281ac3f0000004029d6bfbf0000008027b4a3bf000000e07d24b73f0000008005f9c2bf00000040ffbab1bf000000c0f5b8b1bf00000060fcefd23f00000060a92bb83f0000006013adbabf000000409f8ac4bf000000404432bc3f000000e0321ac6bf000000a03d56aebf000000a06686b43f000000e07121c0bf00000040492cc1bf000000c0bb72d5bf000000e0543259bf00000020e9c8da3f00000000cb02a93f00000080339bcbbf000000a0095d923f000000c07095b6bf000000c046f5883f000000c0d550c43f000000c012acc33f000000005cf283bf00000020317ca1bf00000000a23abebf000000008fe9a0bf000000005cd7c83f00000080d142c3bf0000008069eb7c3f000000209934c83f000000a031f774bf000000a06da8bc3f000000c098bc79bf000000c00b9f9b3f000000c098929abf00000020538a9d3f000000a0332dbcbf000000e0eb56813f00000020d313b73f000000e05539783f000000c065c984bf000000e0d349be3f000000a06bb8c9bf000000e05df4ab3f000000a0fc1f7bbf000000c011a991bf00000080e1dbba3f000000403905a9bf000000005046b8bf0000006022e9bfbf0000004092fdc13f000000802303cdbf000000e01d96c43f00000020bb6cc43f000000a06281823f000000007ad2c23f00000080122fb73f000000009f51c53f00000020f9019bbf000000e0027aa2bf000000008fbad0bf0000000011d0953f000000e09ae9c63f0000006046d289bf00000060a5cbb13f00000040e68e44bf947494622e, '2025-05-04 16:39:56', 'Baron', 0),
(241, 1, 0x8004958b040000000000008c156e756d70792e636f72652e6d756c74696172726179948c0c5f7265636f6e7374727563749493948c056e756d7079948c076e6461727261799493944b0085944301629487945294284b014b80859468038c0564747970659493948c02663894898887945294284b038c013c944e4e4e4affffffff4affffffff4b007494628942000400000000006083b5b1bf0000002011b7b33f000000604546a63f000000a009db86bf000000a0fb3db2bf0000006059c7a0bf00000020b42c8dbf000000003991c0bf000000c0a26cc83f0000008016aabbbf000000a0d621ce3f000000002c59a7bf000000e01420cfbf000000600a00bbbf000000c096ceac3f000000405cfdc53f000000609edcc2bf000000807e11c2bf000000e0d617afbf000000a041a3533f000000c022a4ae3f000000e06331b3bf00000000f922a23f000000c0ce46b53f000000a0d6c5b7bf0000008059afd3bf000000a07522b6bf000000a00e7ab9bf000000609047b23f00000000a553a6bf000000401707b2bf0000000089dba33f00000020b766c8bf000000608d9db1bf000000408716983f00000060a33db53f000000806ae289bf000000e053d3aebf000000203be4c83f000000c0e582b0bf000000e0fdb6d1bf000000e02c21aebf000000a08b7d993f000000008e43c23f000000006367cb3f000000407f0dbb3f00000000195475bf000000403bafb6bf000000e00552a63f000000a096e7cebf000000c06232943f00000040bb93c03f000000c05feaa03f00000000e681a23f00000040d6817f3f000000809611cfbf000000806a1b92bf00000080ac7eb43f000000a03ac4c0bf000000400648abbf00000020e289a33f00000000d9fdc3bf00000060db75abbf000000404d94b0bf000000202090d13f000000a05922b63f000000a06539c0bf000000200849b7bf000000c0aa01c53f000000000ecac3bf000000e05c1374bf00000000b483b53f000000009008bebf000000c060b5c4bf00000020551dd2bf0000000010ce973f000000403f09dc3f000000a0bd8cb93f000000e0141fc5bf000000c0a8b3a23f00000020b8c2b7bf0000004031dca63f000000602940b33f0000006068ccbb3f000000a00cbc90bf00000000bfb297bf000000209bd1b7bf00000020e22da4bf000000405aefc33f000000801288b6bf00000000b223b03f000000e067e6c73f00000060e6bba8bf000000a05c1eb03f00000020441c76bf000000e0f5029e3f00000080e1eaa3bf000000a052df833f00000060bc7dbbbf000000209711a0bf00000000bca9b13f0000002078f8a3bf000000401021a43f000000c02910ba3f0000006041aecbbf000000400b68a13f00000040d1eb8a3f000000200eb29abf000000c0d18bb43f00000080a213793f000000e0dd2aafbf000000404c57babf00000080a0fec03f0000006091c6d1bf00000000615cc93f000000201959cb3f000000a00e4d93bf000000405101c43f00000000de03b43f000000a09e3dc53f000000e0063291bf00000000ed3fa9bf000000a05830c8bf000000c00edf9dbf000000c0c249b93f0000006090b294bf00000040548da63f00000060ed5586bf947494622e, '2025-05-04 16:40:12', 'Baron', 0),
(242, 1, 0x8004958b040000000000008c156e756d70792e636f72652e6d756c74696172726179948c0c5f7265636f6e7374727563749493948c056e756d7079948c076e6461727261799493944b0085944301629487945294284b014b80859468038c0564747970659493948c02663894898887945294284b038c013c944e4e4e4affffffff4affffffff4b00749462894200040000000000204995b2bf00000040c483b63f00000000e2a5943f000000202caca8bf000000c0f54eb3bf000000c0d518aebf00000040ed18a6bf000000e04fa3bdbf000000c088fdc53f000000001cadc0bf000000e01850cc3f00000080d8239fbf000000a041aecbbf0000004026a2b2bf000000a07fc8a23f000000002b56c53f000000e0cd2ec4bf00000000fefcc3bf000000e09a048cbf000000a00dc6863f00000000e12fb63f00000080337a9fbf0000008087b68abf000000001427b63f00000080493cb3bf000000404b47d5bf000000008019bebf000000406db8b3bf00000020913b9a3f000000e0dd96a2bf00000020c11db4bf000000004fd2943f00000060878fc7bf0000000021f4a3bf00000060d7d8943f00000000a3b6b23f0000002008eb87bf000000c07699aabf00000040d693cd3f000000c0333ca6bf000000c09a6cd0bf000000604144a3bf0000000089d3a83f00000080a61ac63f000000201484c63f000000a0bde9b23f000000e0dc4e883f000000e08b03c3bf0000004062b7b53f000000808e72c9bf000000a0f3f7b43f0000008068fdc03f0000000057a1b33f000000c04d63a33f00000000249e9cbf000000e0555ec7bf000000c0d2bf7b3f000000603992a73f000000204912c2bf000000801c8996bf000000e0e659b73f000000a07b4cc3bf0000008032fcafbf00000040eca6b1bf00000000f475d33f000000806008ba3f000000206f4dbabf000000e09400c7bf00000000f9cdc03f000000c080abc9bf000000201758b8bf000000603241b13f00000000e8a3bdbf0000000012f9c1bf000000e099dcd5bf000000408d7d653f000000003ff1d83f000000a0342eb73f000000a05118c9bf000000600e42b23f00000000b14cb9bf00000060c185643f00000060c1bac53f000000600836c03f000000a0411391bf00000000910f8dbf000000809683c0bf00000060d03c8dbf000000a0b658d13f000000a057edb6bf00000020c19f7fbf000000a0d18ac53f000000e015bb5bbf0000008046fac13f000000404f6e8a3f000000c09251973f00000000b0de96bf00000020f90862bf000000c04650bebf00000020e7f57e3f0000002019afa93f000000e0070d963f000000e02f8894bf0000004080e4c23f000000a020bbc8bf0000004046b4b13f00000040b1e5853f000000e0550893bf00000020653aad3f000000c055ac603f000000e0a584c1bf00000040729ac2bf000000e02b36bf3f000000a06ed9ccbf00000060e3ecc73f000000209d9dc23f000000a0798b9d3f00000000c909bf3f00000040cd4cbb3f00000040b17ec13f000000008f0ea1bf000000409780b0bf000000e0edf2d0bf000000608c0b963f00000040bc15c33f000000e0525276bf00000020eaebb83f000000e02242803f947494622e, '2025-05-04 16:40:46', 'Baron', 0),
(243, 1, 0x8004958b040000000000008c156e756d70792e636f72652e6d756c74696172726179948c0c5f7265636f6e7374727563749493948c056e756d7079948c076e6461727261799493944b0085944301629487945294284b014b80859468038c0564747970659493948c02663894898887945294284b038c013c944e4e4e4affffffff4affffffff4b00749462894200040000000000c0020db8bf000000e00343ba3f00000040ca658f3f000000e0625191bf000000806044bbbf00000060fc32b4bf00000060ef3a99bf000000c01dfec2bf000000e09c8abd3f000000608000c0bf000000404ed6cb3f000000e0287cbebf00000000e1c8ccbf00000060e4a5b2bf000000e0c3258e3f00000020d8d4c53f00000000f7a4c1bf00000020a557bfbf000000001594a5bf000000c0324d9e3f000000005e98b23f000000a04e4096bf000000a0e79d8c3f000000400cd0b53f000000206750aebf000000e0c149d4bf00000080b413bcbf000000804e2db4bf000000a016d49a3f000000002674a1bf00000040ba3faabf00000020c6b37d3f000000a0a7fec4bf000000a04f95aabf000000c030ef963f00000020c2abaf3f00000080f0cf85bf00000000b4e4b2bf00000040537ed13f000000c0338cb1bf000000a04079d0bf00000000ad92b3bf0000004057fbb13f00000040eb55c73f000000209173c03f000000a0e50cac3f00000000e78c893f000000208ef6c1bf000000208472b63f00000040be1ac6bf0000006058dfaa3f000000c07d2bbc3f000000c093f6b33f00000040a26aa13f000000c0638891bf000000c03239c7bf000000404e029b3f000000c0a1e5b73f000000c0034bbfbf000000c06d6da6bf000000c0c01cb83f000000c09464bdbf00000080f3f5a4bf00000080ef59adbf00000060c3aad33f00000040e653b23f000000602df5b4bf000000408ed5c2bf00000060c224c33f00000060e877c4bf000000604913b2bf000000008e3ab23f000000601150bbbf000000c0b080c1bf000000000bfed4bf00000040ba828cbf000000e0e9a2d93f00000020f679b53f000000a06327c7bf00000080248a9c3f000000a0fa6ebabf000000e0118444bf000000c057cbc53f00000080998fbb3f0000004091fb91bf0000002097a39bbf000000a01834c0bf00000080d54081bf000000a0f029cf3f000000c00dfbbdbf000000e0e5037e3f000000605935c43f0000008096c4993f000000e02fa9b83f00000080abd66dbf00000000926886bf000000c0b185a1bf000000e002f99e3f00000020116ab6bf000000406504a33f00000080ab2cb73f00000000ab1466bf00000000e434903f0000002039b6c33f000000e0f469ccbf000000600619a93f0000006009529e3f000000c0db049fbf000000a09cffb03f00000000603d743f00000060b478bfbf000000002207bfbf000000c01a46c03f00000040305ecdbf0000006024fbc43f00000040c561c13f00000040243377bf00000080eb6ac03f000000c0957cb93f000000e06f2dc23f000000a06a198fbf00000040550ea9bf0000002046cccfbf00000040300b393f000000a0a7f3c33f00000080d6498b3f000000e0149db43f00000000e75f923f947494622e, '2025-05-04 16:41:00', 'Baron', 0),
(244, 1, 0x8004958b040000000000008c156e756d70792e636f72652e6d756c74696172726179948c0c5f7265636f6e7374727563749493948c056e756d7079948c076e6461727261799493944b0085944301629487945294284b014b80859468038c0564747970659493948c02663894898887945294284b038c013c944e4e4e4affffffff4affffffff4b00749462894200040000000000006f72b3bf000000401454bd3f000000402bd9933f000000e06cce67bf000000202bc6c1bf000000a0319e76bf00000020874fa7bf00000080ff5fc3bf00000060ac8ebf3f0000006058d3bfbf000000a090cfca3f000000001091c0bf000000e0e5e7cebf000000801cc7afbf000000e0c480823f000000807a5cc73f000000e08e1cc3bf000000c05ee3c0bf000000e0a590acbf000000606608a33f000000a0b197a43f000000802a4fa5bf00000000c55d703f000000a0c3c7ad3f000000e00974b2bf000000e0b556d5bf000000005fa7aabf000000c089e5b4bf000000c0a889743f000000606e0eb8bf000000a09d22bdbf00000060d89084bf000000a0e5e1c7bf000000607658aebf00000060d1d4973f000000605e84bb3f000000c0a2479ebf000000402d5fb6bf000000c01f49ce3f0000002046fab9bf0000004011d0d1bf0000002053c3a0bf000000c0aec9b23f00000000b431c43f000000e0c621c63f00000020c6b7ac3f000000a0947f90bf00000020aaf1c2bf00000040d529c43f000000e0aea0c4bf000000c04f5ab03f000000e03d1cbb3f00000000781eb43f000000608073b13f000000a0143eadbf0000004050e7c8bf00000060256a983f000000a071a3ba3f00000060b156bfbf00000040b9bea2bf00000020e411bf3f000000608b03bfbf000000e09ae38cbf000000609fe8a5bf000000004304d13f000000e0d33fb03f000000205845b3bf00000020d56bc4bf000000e009c1ba3f000000e01875c7bf000000208792adbf000000608300a73f000000e0e999bebf000000e039c1c7bf000000e08a76d5bf00000000d0166abf0000008087d8d73f00000020cf41bd3f000000603a0bc9bf00000020486c6b3f000000207a7f99bf000000801b9b37bf000000e02269c63f0000002016ddc53f000000001b8a833f00000080ea7c8a3f000000c0761cbcbf00000060093b6c3f000000e0ee4fd13f000000a05fdebabf00000020da284cbf000000a0856ec83f000000c0c8338c3f000000208dadb83f000000a04cbf7e3f000000c0ea3e863f000000e0af3f9ebf000000c0e4e9a03f00000060ea04bdbf000000a0178aa23f000000807f92ad3f000000a01b4883bf000000c001777f3f00000020022dc13f000000c01805cabf00000000028cb43f0000002098a43d3f000000a03bcb9a3f0000004056c1a53f000000807926a5bf000000209624b4bf000000a0d446babf0000000063b2c23f00000060e8c2ccbf0000006046b6c63f0000008014b0c43f000000e0fb8ca73f00000020d76ac13f000000600702ba3f000000200585bd3f000000c0f4e9a03f000000e0559798bf00000040caa2d0bf00000080aa4a4cbf000000e018cdc13f00000080e45a733f00000040d46dbb3f00000080f65fa13f947494622e, '2025-05-04 16:41:14', 'Baron', 0),
(245, 1, 0x8004958b040000000000008c156e756d70792e636f72652e6d756c74696172726179948c0c5f7265636f6e7374727563749493948c056e756d7079948c076e6461727261799493944b0085944301629487945294284b014b80859468038c0564747970659493948c02663894898887945294284b038c013c944e4e4e4affffffff4affffffff4b00749462894200040000000000a0a7cca9bf000000204830b63f000000e03b48bc3f0000008095d490bf000000a04444c4bf000000204ddc91bf00000060b3d0b3bf000000a0baefbebf0000004032f6bd3f000000209262b1bf000000a08091c83f00000000ae1ab2bf00000020e57fcbbf00000020be50a7bf00000080c20b82bf000000803eeaca3f000000808c76c3bf00000000a253c5bf0000004079e9aebf000000401acd9e3f00000020cf89a1bf00000080655e9dbf00000080b79e8bbf00000000e19f913f000000001d15bfbf000000e0daded7bf000000c05ba9aabf0000006011c1b7bf000000c02d7393bf000000206d10b3bf00000040a37fb7bf000000e081f2b13f000000206e83bfbf00000000534c8a3f00000040a71e9e3f0000008055d9b13f000000a06df1acbf000000008c14b5bf000000a09c1bca3f000000e074f9a7bf000000009d9bd3bf000000c0f5b4b2bf0000004093acae3f00000020cc78c93f00000060669ccb3f00000060cdb1943f000000c0c5caa63f000000603302bcbf0000000085efc03f000000c071ffd0bf00000080e0a4aa3f00000060ce71bf3f00000080f4d3a23f00000020f5c1b53f00000080ae759f3f00000040ac3ac5bf00000020b62f703f000000e071fdb53f000000007b9cc0bf000000c09247953f00000080bf4fb13f00000040a540bfbf00000040be22a3bf000000603b22c0bf000000a0e2e8d03f000000c02279bf3f00000040d729b8bf000000c0e08ec3bf000000a023d9bd3f00000080abf3c8bf000000a08795babf000000801707a73f0000004031bebcbf00000080e1f7c5bf000000c058aed8bf0000004012a2b1bf000000a0f4b6d73f00000080701ec03f000000603958cdbf0000002078b696bf0000004089c6a1bf000000c0ac3f93bf00000000a2f8bf3f000000c01fdcc13f00000080e98e96bf00000080a16f913f00000080529dbabf000000807de9a3bf000000e00cebd23f0000002037aebdbf00000060f19c9d3f000000007885c93f00000040332f87bf000000a0a777b33f000000c02e729abf000000e0b5eda73f00000000f3369dbf0000002023e5943f00000020ff04b9bf0000004061a56e3f000000c06d5fb03f000000208b8c9bbf00000000e296983f000000a0050dc23f000000c02fe4cabf000000a044c8bf3f000000601916813f00000080ee26ac3f000000e0755db13f00000020608c8cbf000000c087cfb1bf000000203e54bcbf000000a025acc93f000000602d26cbbf000000205173c53f00000060afdbc83f000000e0ddd39a3f000000a0a9c3b73f000000207370ad3f000000a0e0fbb73f0000000092a1b0bf000000602573a8bf000000808b78c9bf000000c0fb6e873f000000401407b33f00000020ded9a3bf000000806371693f0000006050bcb03f947494622e, '2025-05-04 16:41:30', 'Baron', 0),
(246, 1, 0x8004958b040000000000008c156e756d70792e636f72652e6d756c74696172726179948c0c5f7265636f6e7374727563749493948c056e756d7079948c076e6461727261799493944b0085944301629487945294284b014b80859468038c0564747970659493948c02663894898887945294284b038c013c944e4e4e4affffffff4affffffff4b00749462894200040000000000005d37b2bf00000080029bb63f000000008803a43f0000000037e4a4bf000000407b37b5bf00000000e006acbf00000040275bacbf00000060a4bfc0bf000000c07390c33f00000040aed5c4bf0000000089cec73f000000008775adbf00000020c38fcbbf000000002537b9bf00000060edacaa3f000000a0de54c63f00000000ad6dc0bf000000604f91bcbf000000e0fd39a6bf0000008026a3a33f000000a0ee87a93f000000a0af8aabbf00000020f170a73f000000205b7fb43f000000e07bffa3bf000000e02946d7bf000000c089e9c0bf000000405cf5b6bf00000020a49860bf000000a034d6a0bf000000c0969db3bf00000040bc43843f00000020805ac0bf000000a00abdafbf000000c0bc03773f000000807b44b33f00000000899796bf000000c0bf58b3bf000000c03fe8cd3f0000004013fca6bf000000801445d0bf000000a02fc6b1bf0000002040fda33f000000e04830c63f00000000f111c43f0000008061c0af3f000000809e91a33f000000e0b7d8b6bf000000c05fd0b53f00000080a1d1c7bf000000e0892eb33f000000a0b69fb73f00000000dfefb33f000000a068f2913f00000000af6ea83f000000e0b6b4c8bf000000805276ab3f000000e083abbb3f000000e0245ebfbf000000c0cb4291bf000000c0cf96b43f000000c02b8cc1bf000000609ce6a3bf00000080e34b7ebf00000020759cd33f000000e06633bf3f000000404700b5bf00000020770dc3bf000000a0a2a0c23f000000a050fec1bf00000060e5f3a3bf000000004f4da23f000000c016ccc2bf0000008009fbc1bf000000802d14d4bf000000a020a285bf000000609a4ad93f000000c02406c03f00000000e3e5c7bf000000a0be98953f000000c039dcbebf00000080a69e9a3f00000080cfc0c53f00000040e26cc03f0000002074dc8dbf000000a0c6cda8bf000000e0f738bfbf000000e0eb3ba7bf000000c0687ec63f00000080ebf6b3bf000000e0f89b81bf00000040a317c53f00000060fe027d3f000000c06265b63f00000080d46f76bf0000000003e1a6bf000000603dffabbf000000a04d40993f00000020c232babf000000a0525e603f00000000eea4b13f0000002019a59dbf000000203e347d3f000000c00f97c23f0000004092e9cdbf000000c0d218a03f000000a002d3883f000000a0cbdf7ebf00000040e4bfb73f000000603764a53f000000a05b53c1bf000000809659c1bf00000020c681be3f0000004033f2cdbf00000080f14cc23f00000020a2d1c73f000000a051c6393f00000080d566c13f000000e0cb13bc3f000000e05caac33f000000e03c70643f00000080347ba6bf000000c00235cebf00000000ab6f933f00000000f9a8be3f0000002012a39b3f000000000634ac3f00000060d21d993f947494622e, '2025-05-04 16:42:05', 'Baron', 0),
(247, 1, 0x8004958b040000000000008c156e756d70792e636f72652e6d756c74696172726179948c0c5f7265636f6e7374727563749493948c056e756d7079948c076e6461727261799493944b0085944301629487945294284b014b80859468038c0564747970659493948c02663894898887945294284b038c013c944e4e4e4affffffff4affffffff4b007494628942000400000000008050aeb4bf000000e095bca53f000000005d0ab23f00000040b5d5a43f0000006079eeb0bf0000006036e4aebf000000e01a629b3f000000201e76bfbf000000a074e4b43f000000e000d9bdbf00000060bc0ec73f000000c0ea3eb4bf000000a003ced0bf000000e0d969b2bf000000803ecfa43f000000c08ad2ba3f000000e0f463b4bf00000080e5b3c0bf000000a0cb2bc1bf0000008041b3b1bf000000a09b4fa7bf000000005270a1bf000000206c0767bf000000c014477bbf000000a04a91a4bf00000080fc3ad4bf0000000067b9b0bf00000020f13bc1bf000000401873773f000000c019247bbf00000000289ea33f000000a08f85b53f000000c0a097c3bf000000809d1e93bf000000400d6293bf00000000054eb73f00000000f0c7acbf000000a096469fbf00000020113dc93f0000004074bdadbf000000a08f6dc3bf000000800932aebf00000060f6dc813f000000407896c73f000000404e16c03f0000006001507f3f000000c02903923f000000e00d998d3f00000080ad10a73f000000c06df9ccbf00000080c8fc9c3f000000e034cdc13f000000004085c43f000000403023b43f000000a0f85ab53f000000c040a7c0bf00000080ee37ac3f000000e0af0aa03f00000000f351c3bf000000a023e2a93f000000600502aa3f00000080816abbbf00000040791cb1bf00000080447aa1bf000000605705cb3f000000e0b62db73f000000a04d4ab4bf000000a0d841b1bf000000607c14c53f000000a0f4afc9bf000000c0ebe1acbf0000006041b99c3f00000020486bbabf000000807050c1bf00000020d027d0bf00000020897a9b3f000000600f40d93f000000804989c33f000000e0346ec4bf000000007740393f00000080166ab4bf000000e081f7adbf00000040b5c0923f000000205febaa3f000000608323b3bf00000060337992bf000000201477b6bf000000600f1c763f000000e0d4cec23f00000040d3bca5bf000000a0d9f792bf00000040908ec73f00000080b1b59fbf00000000c5c88a3f00000020b23d83bf000000c0df1db3bf000000802df8633f00000040f013a4bf00000060d458a3bf000000e0e6a090bf00000040618bb43f00000040a360c5bf000000c05b95673f0000008044afaa3f000000208c7dc7bf00000080ce20bd3f000000a08a909cbf00000060abe3a43f000000c0fdaab13f000000805119b43f00000040c384b9bf000000c071baa3bf000000403b4ac83f000000a0f233c9bf000000c0ff00c73f00000000a1b2c63f000000606b02a6bf000000a0704ab73f000000c0c48ea73f00000040fedfbe3f000000407eab96bf000000a0dfe792bf00000000eacec7bf000000405f1ac0bf000000806261723f000000c08a1a933f00000020b47689bf0000008000f7b43f947494622e, '2025-05-04 16:42:11', 'Baron', 0),
(248, 1, 0x8004958b040000000000008c156e756d70792e636f72652e6d756c74696172726179948c0c5f7265636f6e7374727563749493948c056e756d7079948c076e6461727261799493944b0085944301629487945294284b014b80859468038c0564747970659493948c02663894898887945294284b038c013c944e4e4e4affffffff4affffffff4b00749462894200040000000000a09d9bc8bf000000807eabb43f000000a08c17aa3f00000020cf809dbf00000080487db8bf000000c0a45cb0bf000000a00bf3b03f0000000014a7b8bf000000601e19bc3f000000808ca691bf00000000c6d3c33f000000603487b4bf000000c014c8cfbf0000000036a0b7bf000000e00c35b0bf000000205eecc13f000000a05368b7bf00000000101dc5bf000000600b0ec3bf00000080db2cb7bf00000060260083bf000000c0d3b6aa3f000000e0626a973f0000000079d68b3f000000807f8eafbf00000080c563d3bf000000e05829a2bf000000001d7bbbbf0000004098b89cbf000000a02768a5bf000000600351a93f00000040471eb23f0000000046c5cabf000000e0d83eb4bf000000e08e7685bf000000e0adc7b93f000000409044b5bf000000c07b39a8bf00000020eab6c53f0000002029adacbf0000008057dcc8bf000000409f68afbf00000020c2cab73f00000060326fd03f000000c0b921c23f0000004087347b3f000000006d3e87bf000000a02e5eb5bf000000a00f22b63f000000e0084ccbbf000000e0ae9fa93f000000c0994ac03f000000c04f95c03f000000c09548b63f000000604c41b03f00000000b923b4bf000000009086b23f00000060a691b33f0000004059f0c3bf000000404c58963f00000060df70b23f00000060b014bbbf000000609f86adbf000000e053dcbcbf00000000f6b0c43f00000080d02cae3f000000804570b1bf000000802940b7bf000000c09ce8c43f00000080d913c6bf00000020e92db1bf00000000557cb93f000000c0325ea6bf000000600760c4bf000000c0aed8d1bf000000a0907da33f000000204edcd93f00000000af83c13f00000060078fc2bf000000800f1a99bf00000040fdb3a8bf000000e045cba8bf000000c0cf14a13f000000c0569db73f000000609ccfbbbf000000a0e45e923f000000c06a3dc1bf000000209c149c3f000000c03033c73f00000020e60ca3bf000000204ad1a1bf000000c0da0fc73f000000601272a63f0000006045a519bf000000807763973f00000000e53aaa3f000000a0f502b0bf000000609403a63f000000607224b3bf000000a0533c8e3f000000609bafba3f000000006cd6bdbf0000008056f37cbf000000401690ab3f000000400264b9bf000000c0a75ec43f000000006fe62ebf00000020e9409f3f000000603fd478bf000000a0b540a0bf000000e0a9d581bf000000a0e177a0bf000000e0cbcec03f000000a0c450c3bf000000c01a96c43f00000020d9e0bf3f000000809a00a8bf000000a0291cc23f000000e08372a53f000000205dafbe3f000000c048efaabf000000e0ac15a5bf000000c03268c6bf000000201cd8b7bf000000406e52b43f000000e0d48261bf000000e0285fb03f000000a06a4db73f947494622e, '2025-05-04 16:42:17', 'Baron', 0),
(249, 1, 0x8004958b040000000000008c156e756d70792e636f72652e6d756c74696172726179948c0c5f7265636f6e7374727563749493948c056e756d7079948c076e6461727261799493944b0085944301629487945294284b014b80859468038c0564747970659493948c02663894898887945294284b038c013c944e4e4e4affffffff4affffffff4b00749462894200040000000000e0faa0b6bf000000607ca1ba3f000000e0d39a953f00000040d757a4bf000000604221babf000000e0f36088bf000000e07e7ba4bf00000080eaedb0bf000000c084e8ca3f000000e00bb6c1bf0000004034e2ca3f000000003bc17ebf000000a09b3fcbbf000000c0d90fb4bf000000409157a63f000000c01656c53f000000001a3cc2bf00000080e001bcbf000000c03438a6bf000000e04b079cbf000000c07b98a73f000000203dc2a2bf00000060d354a43f000000c0c546b23f000000e0f0e6a3bf00000060f5bcd9bf0000004072b6babf000000e051b8b2bf000000e005cb963f000000e0997cadbf000000202317a3bf000000a08f01a63f000000209571c1bf000000a0078097bf000000608f68613f000000a0e850b63f000000e0c00bb1bf000000a0827ab3bf0000008063b9d03f000000a0e29ca4bf0000004072d2c5bf000000602b73abbf0000008071ac9d3f000000001e91ca3f000000204cf7c43f00000020fd28a13f00000020f267ae3f000000a0a527babf000000a063d7b93f000000c0c5f1c4bf000000407a60ae3f000000a07e30c23f00000080a43ec13f000000c0499e963f000000e0f856a83f000000207d04c3bf00000020b7838f3f00000040ef9ebb3f000000007652c5bf00000020cc63933f000000003d4ea43f00000080adc7c1bf000000c0660db6bf000000803b54a8bf000000c04699d53f00000060a726c63f000000208e6fbbbf0000002020b8c1bf000000807681c63f000000201a73c2bf000000e0a33faabf00000060f070793f000000409be2c3bf000000809e31c6bf0000002036d0d1bf000000007964723f000000a07171d63f00000000e07aba3f00000020da27c9bf00000000a0b9a23f000000e05adbafbf00000080b0b8493f0000004003aac03f00000080406bc53f00000080e6feb9bf000000600cd4aabf0000008034cbb6bf000000e0999f9c3f0000008032f3c83f00000000ca58aebf000000a08672a8bf000000a04c11c53f000000e095aa953f00000080f2d4b73f0000002012c6733f00000080a1fdacbf000000803cf792bf00000000dda870bf000000a0189fc0bf0000008037fc893f00000000d746a83f000000e012acaebf000000e071d070bf000000602c1fb63f00000060e5fdc6bf000000604a469f3f000000c074638f3f00000040f37881bf000000802eb9aa3f000000e0d73a8c3f000000000153c5bf000000e0bb0dbcbf00000060718ac23f000000a00573cebf000000605a46ca3f000000e0fdafc23f00000020d0d9733f000000e0f6cdc53f000000803054ba3f00000060c1b9c33f0000002059eb983f000000e04d3fafbf0000004055cfc7bf000000e08869a23f000000a0d819bc3f000000a0cdad983f000000a09a34b63f000000c05c7d963f947494622e, '2025-05-04 16:42:34', 'Baron', 0),
(250, 1, 0x8004958b040000000000008c156e756d70792e636f72652e6d756c74696172726179948c0c5f7265636f6e7374727563749493948c056e756d7079948c076e6461727261799493944b0085944301629487945294284b014b80859468038c0564747970659493948c02663894898887945294284b038c013c944e4e4e4affffffff4affffffff4b00749462894200040000000000009e46b3bf000000000999b43f000000a007fc86bf00000000a5ef91bf000000408b88b5bf00000080e54db0bf000000200a588d3f0000002033dbc4bf000000603eb9b33f0000006043eaa2bf000000c0f32acc3f00000040af82adbf00000020d5eaccbf000000607341bdbf0000008020d9b03f00000000ea82b43f000000c0df82c4bf00000020e27dc0bf000000a01728bbbf00000060bbaba0bf00000040584ca2bf000000805eceb03f000000c0ebcb9b3f00000020c6ea8c3f00000020c687acbf00000040b2dcd3bf00000000fac3b5bf00000020b256b5bf00000040de77b63f00000040e6b19fbf000000c0408da33f000000809b70b93f000000e03543c9bf00000020cca5b1bf000000e0cc5cb03f000000400803b23f000000402689bebf00000000ad6c9abf000000e0857ad03f00000020152292bf000000c004e0c8bf00000020e65cb2bf000000608ffeb53f000000e0dc7bd03f00000040e402c93f000000c0ef1f723f000000a0c97492bf000000606e09aabf000000c0fd30b13f00000000c560cabf000000a04c71b33f000000a054f0c83f00000040a4b0c03f00000000ff77b23f000000e0593e9d3f000000c00c2fbebf000000609569953f00000080d769c03f000000a07d93c9bf000000609549b63f000000a0cad9c33f000000c014b6c0bf000000207583b1bf00000040827aadbf00000060f60bca3f000000e08830b73f000000604fe9b6bf000000c04880c2bf00000040f0bec33f000000c032d3c9bf000000804c7fb7bf000000a00bd1bc3f00000080f81fb4bf000000a0c7fdc5bf00000020d12fcebf00000000f13f9ebf000000e0d827d73f000000009757bf3f000000e0a727c2bf00000040759e69bf0000006003e1a9bf00000060f00bb4bf000000e04200b83f000000c049afb03f000000e04253b5bf00000060790896bf00000080a88fb8bf000000809c878d3f000000e04292ca3f00000060f6ef8d3f000000c072b486bf000000406a50d03f000000e039b990bf0000004003aa903f000000603741b03f00000040366184bf00000080524d65bf000000206b77a1bf00000080fbaeb8bf00000040b986a3bf00000000be6fac3f000000c0b8d7c7bf000000204e92a33f000000008419bf3f000000005291c2bf000000a0281eca3f000000e0856e8c3f00000060d9afba3f00000060cb31b53f00000020eb66a2bf00000060478da2bf000000e0b390a5bf000000e03e8cc83f000000807fa5cabf000000609e7dcb3f00000000e158b63f00000040a1308abf00000020b72ab73f000000607fcda63f0000000030cdc13f00000000f85eb0bf000000a05261b3bf00000080665ccebf000000805ee2adbf0000008076498b3f0000008017cf9cbf00000080be4eb53f000000a033c7aa3f947494622e, '2025-05-04 16:42:41', 'Baron', 0),
(251, 1, 0x8004958b040000000000008c156e756d70792e636f72652e6d756c74696172726179948c0c5f7265636f6e7374727563749493948c056e756d7079948c076e6461727261799493944b0085944301629487945294284b014b80859468038c0564747970659493948c02663894898887945294284b038c013c944e4e4e4affffffff4affffffff4b0074946289420004000000000060476bbebf000000006935c03f0000004089dfa53f00000060588387bf000000e08c2abbbf000000205c99a1bf000000202aac5d3f00000040650fbbbf000000a0535cba3f000000c0a0bdafbf0000004051c6c53f000000c09cd2b6bf000000e09acccbbf00000060e3f3bfbf00000080902c9fbf000000c0ed1cc43f000000008c68bcbf000000c04322bfbf000000209b7ac1bf0000008067dab5bf00000020fd588d3f00000040c60dad3f000000a0e5e398bf000000e08b4387bf00000040de9aa6bf000000a0d046d6bf00000060188aa4bf000000c018fbb3bf000000c025b178bf000000c0a9adb0bf000000608beb793f00000000aa8fb43f000000201bbec6bf00000000220eb5bf000000c0c7fe863f000000e01846bd3f000000a0404fb8bf000000a0dbc7b0bf000000609c39c43f0000002062cea7bf000000e04c1bc5bf000000006bcfa2bf00000020db84b43f0000006054edcf3f0000006010dbc53f0000006088438a3f00000040702795bf000000400dbfb6bf000000000e75c03f0000008004a7c9bf00000020ad99b03f000000e07b5fc13f0000008031f8c03f000000e0d89dbf3f000000808140b63f000000a0d5b0b5bf000000c08359b53f00000020b403b03f0000004037f6c4bf000000a014dda7bf000000a00f66b83f000000209931bcbf000000206113b2bf000000c0ad97bbbf000000400689c83f000000004286b83f00000060111aa7bf0000006064b3babf0000006095ffc23f00000080dc90c5bf000000c0ca85b1bf00000000c9e0a23f00000080e72aaabf0000002091abc0bf000000a06210d1bf00000000f949a63f000000a04188d83f000000600539c53f000000c09bd9c9bf00000080baf7a0bf000000a044ef90bf000000407841a8bf000000a094bac03f000000e08991b63f000000c0475fb2bf00000000a4db98bf000000c0fe56b6bf00000080d81b913f000000a0f542c63f000000c04d02a5bf0000004003899cbf000000800d63c73f000000801b4ba93f0000006022b28d3f00000020c0b8a83f000000a01dd69bbf000000a0087fa7bf000000e0a07ca73f00000040d69fb3bf000000409f49963f000000401a28b83f00000080952dbfbf00000000f3e491bf000000805ee4b13f000000006b55bebf00000060d0f9c73f000000c01b4d933f000000e0fcf2ac3f00000060a16da63f000000e08b66acbf000000008beba6bf000000c03bac9dbf00000020492bc33f000000a03c4cc6bf0000000017a5c63f000000c0ef75b83f000000a0ca6daabf000000e0bb58c43f000000e08739a73f000000a0eb9cc43f000000809cf5a7bf00000000df76b1bf000000c00ad8c9bf00000040867cb5bf00000020dd95b63f000000a03e3555bf00000020d426a03f000000e03b43ab3f947494622e, '2025-05-04 16:42:49', 'Baron', 0),
(252, 1, 0x8004958b040000000000008c156e756d70792e636f72652e6d756c74696172726179948c0c5f7265636f6e7374727563749493948c056e756d7079948c076e6461727261799493944b0085944301629487945294284b014b80859468038c0564747970659493948c02663894898887945294284b038c013c944e4e4e4affffffff4affffffff4b00749462894200040000000000204667a5bf000000a0513db33f000000c09c61a43f000000c003128abf00000040fd58aabf000000a0c88e86bf000000a051aeabbf00000040869ac2bf00000040d01fc33f00000060a51ac2bf000000006f2ace3f00000060fa21a9bf0000000079c5c8bf000000802cbdabbf00000000af53b03f000000802cbecc3f000000a04f03cabf000000200e01bcbf000000200058b2bf00000040bc44813f000000600241793f000000405fbcb1bf0000008034da653f000000a030c7b43f000000005d17b4bf0000002015c1d7bf000000201a1dbfbf00000040f5e1babf00000060bc2e9c3f000000c0b0b0a7bf000000a05747b7bf000000007e94ab3f0000006019f2c1bf000000205d047b3f000000a00d42a53f000000a0510fb03f000000007cdcabbf000000606cdeb3bf000000a02e31d13f00000080d75091bf000000e0b451cbbf00000080b4c27bbf000000c0c109883f000000203530c73f000000e00725ca3f00000060885da23f000000e00d8ca43f000000c064e4b8bf00000020b8d8c03f000000001178cebf000000c0c645813f00000020af75c03f000000608a7bb13f00000000989bb33f000000800b019cbf00000000bf4dc7bf000000200cf890bf000000e03397b63f000000a05332c5bf0000006062e95b3f0000006015d0a13f000000e08472c8bf000000c07f54b1bf00000040228da5bf000000e06314d43f000000c0fcd1c63f0000002029b8c2bf000000201b8ec1bf0000008047dfc43f00000000297fc1bf00000040bcce96bf0000006022078fbf00000040af49c4bf000000002c7cc6bf000000609cfbd3bf000000800bdd743f000000607596d93f00000020451db03f000000c0f74ccdbf00000080cf32753f0000000081c1bbbf00000060af1577bf000000e0f1f3bd3f000000404832c33f000000c00bf493bf000000c0aae4b2bf00000060fb3ab0bf00000000231590bf000000009136cf3f00000040f554bdbf0000002021bc9e3f000000201a13c83f0000000089b5a5bf00000080e016b93f000000802a3190bf000000804915813f000000a05d17a6bf000000a062f8a0bf000000800c8bbdbf000000000756603f000000e038a066bf00000080938b9fbf000000c0ace68d3f000000405de0c03f00000020cf9ecabf000000006aa7b83f000000605a528e3f000000e00cb495bf000000a08fddb33f00000000890d9e3f00000020fdcdc1bf000000c06a55c1bf000000009e1fc43f00000080ec7bcfbf000000409ba6c93f000000c02406ca3f000000409747663f00000000cc2fc13f000000a06704b13f00000060df0dc43f00000000b300a5bf000000a04c678cbf000000804104cdbf000000a0b08b893f00000080dc40bf3f000000405632aa3f000000003d1b4fbf000000401e1b93bf947494622e, '2025-05-04 16:43:03', 'Baron', 0),
(253, 1, 0x8004958b040000000000008c156e756d70792e636f72652e6d756c74696172726179948c0c5f7265636f6e7374727563749493948c056e756d7079948c076e6461727261799493944b0085944301629487945294284b014b80859468038c0564747970659493948c02663894898887945294284b038c013c944e4e4e4affffffff4affffffff4b0074946289420004000000000000193fb8bf000000c0a63cb23f00000060f125993f00000060abe8a0bf00000060f1d8b4bf00000040e27ba8bf000000e04f5293bf00000080e569bcbf000000002e73ca3f000000a0f582c2bf00000080b0c8cc3f00000080ea1092bf000000a09545cebf000000005166b7bf000000a0b3bba73f000000603bffc53f0000000071fbbebf000000c04634bfbf000000203c55aebf000000e08487883f000000e07354a93f00000080b2f1adbf000000e01c93ae3f000000201955b53f000000402e77a4bf000000c07632d9bf000000c01f6cbfbf00000060a2ecb9bf000000c09a17a33f00000020d63991bf00000020b30dacbf00000080ac149b3f000000e06b27c1bf000000e03e0cb2bf000000c0de15a33f000000003e4cb33f000000e0cf0ba9bf000000606729b1bf000000a0f372d13f000000807e6caabf000000c0acd1ccbf000000009f39b6bf000000e0a6dd903f000000001018c83f0000008039e0c63f00000040241ab33f00000060e1ecad3f00000060c221c0bf00000080af36b43f000000605cd7c7bf0000006092e0a73f000000e0e8b2bc3f000000a0eda4bf3f0000002029c1aa3f000000200687963f00000040ee02c8bf000000c0b42faa3f000000a07c21b93f000000e003d3c6bf000000c060c29cbf000000005751a83f000000c0770ec5bf00000040dedeacbf000000000d2197bf0000006058c7d43f000000008116c03f0000008094debbbf000000e0d541c1bf00000000f1c2c73f000000e07f2bc5bf000000c0834697bf00000020c517a43f00000020e1c3c3bf000000804164c5bf000000c06879d2bf000000804fff80bf000000e0a675da3f000000208e84c03f00000020b3d2c7bf000000e0350370bf000000c05d09bcbf0000008018a0943f00000080a0f0be3f00000060c18fc03f00000080d86baebf0000006027ceb5bf000000208a4ab8bf00000060a1779dbf00000080a00ac73f00000060bc16b7bf0000000056198dbf00000020a17bc23f000000a0add58f3f00000020037fb83f00000040b35410bf00000060c03b88bf00000040562da8bf000000009421a23f000000006e6bb9bf000000202f17913f00000080cdf3a13f000000000dc29ebf000000803351aa3f000000600d19bc3f000000e0fc59cbbf000000602364ad3f0000008085095fbf00000060cce5a0bf000000a089b6b33f000000a0e7e7983f00000000bc74bebf000000202db8c1bf000000402802c03f00000020bb2dcfbf00000020b34ac93f000000a0c8e5c93f000000a0f6ca643f000000605c09c73f000000e04ac0b03f000000a0fa32c53f000000801ab379bf0000002028f0a5bf000000801666cbbf0000004019ec863f00000000adddba3f00000060969b983f000000405afab23f0000006077cc513f947494622e, '2025-05-04 16:43:34', 'Baron', 0);

-- --------------------------------------------------------

--
-- Table structure for table `notif_tokens`
--

CREATE TABLE `notif_tokens` (
  `notif_id` int(11) NOT NULL,
  `fcm_token` varchar(255) NOT NULL,
  `user_id` int(11) NOT NULL,
  `doorbell_id` int(11) NOT NULL
) ENGINE=InnoDB DEFAULT CHARSET=utf8mb4 COLLATE=utf8mb4_general_ci;

--
-- Dumping data for table `notif_tokens`
--

INSERT INTO `notif_tokens` (`notif_id`, `fcm_token`, `user_id`, `doorbell_id`) VALUES
(28, 'dxGMtWLeTeaJsODhKCpAdb:APA91bHAjw2DV4enBDm9A7SCFiV014PpcCPOkv_5LKCeStf_QSjiH6hKAgwzahd9eg-EBowy-vdUNS_cwXte44MQAipkt6JC4f5oUsO81h76IFQ--k9EcqM', 2, 1),
(29, 'dXbMfWalR8aqbEDFlvqKWy:APA91bGpkb1mUZJ2HH1KbslOHxq0oADbUoZYD94_JyIq8JU1OlT58DFWa2ZBjgrC7zrdKcI4ZazcjGvW-3EcXfFuLaOS2NchKNk_y0RkR4bBhcYwOlsbSZU', 2, 1),
(31, 'cOCwlu5wR0iA2SJo7fReaO:APA91bHx8BAydPqdVLXglZcOZ_BbEEDZNPrAAcAEFxdPlGBxOWqp0F2dDrLpVEoUx2t_oIkNsVom8vaWFgVp--06F019iku9ky6IjMJD3oB1UxwRE2JyA5I', 2, 1);

-- --------------------------------------------------------

--
-- Table structure for table `permissions`
--

CREATE TABLE `permissions` (
  `permission_id` int(11) NOT NULL,
  `permission_name` varchar(100) NOT NULL
) ENGINE=InnoDB DEFAULT CHARSET=utf8mb4 COLLATE=utf8mb4_general_ci;

--
-- Dumping data for table `permissions`
--

INSERT INTO `permissions` (`permission_id`, `permission_name`) VALUES
(1, 'manage_user_profiles'),
(2, 'manage_face_profiles'),
(3, 'manage_doorbell'),
(4, 'view_feed_history'),
(5, 'view_doorbell_logs'),
(6, 'clear_doorbell_logs'),
(7, 'control_door'),
(8, 'delete_users'),
(9, 'manage_roles_and_perms'),
(10, 'user_alerts'),
(11, 'user_added_alerts'),
(12, 'user_deleted_alerts'),
(13, 'face_alerts'),
(14, 'face_added_alerts'),
(15, 'face_deleted_alerts'),
(16, 'rename_user_profiles'),
(17, 'rename_face_profiles'),
(18, 'manage_user_blocklist'),
(19, 'manage_face_blocklist'),
(20, 'store_recordings'),
(21, 'delete_recordings'),
(22, 'receive_alerts_unfamiliar'),
(23, 'receive_alerts_blocklisted'),
(24, 'add_new_face'),
(25, 'delete_face_profiles');

-- --------------------------------------------------------

--
-- Table structure for table `recordings`
--

CREATE TABLE `recordings` (
  `recording_id` int(11) NOT NULL,
  `doorbell_id` int(11) NOT NULL,
  `file_path` varchar(255) NOT NULL,
  `created_at` datetime NOT NULL DEFAULT current_timestamp(),
  `duration_seconds` int(11) DEFAULT NULL
) ENGINE=InnoDB DEFAULT CHARSET=utf8mb4 COLLATE=utf8mb4_general_ci;

-- --------------------------------------------------------

--
-- Table structure for table `roles`
--

CREATE TABLE `roles` (
  `role_id` int(11) NOT NULL,
  `role_name` varchar(50) NOT NULL
) ENGINE=InnoDB DEFAULT CHARSET=utf8mb4 COLLATE=utf8mb4_general_ci;

--
-- Dumping data for table `roles`
--

INSERT INTO `roles` (`role_id`, `role_name`) VALUES
(1, 'Owner'),
(2, 'Admin'),
(3, 'Family'),
(4, 'Guest');

-- --------------------------------------------------------

--
-- Table structure for table `roles_permissions`
--

CREATE TABLE `roles_permissions` (
  `role_id` int(11) NOT NULL,
  `permission_id` int(11) NOT NULL
) ENGINE=InnoDB DEFAULT CHARSET=utf8mb4 COLLATE=utf8mb4_general_ci;

--
-- Dumping data for table `roles_permissions`
--

INSERT INTO `roles_permissions` (`role_id`, `permission_id`) VALUES
(1, 1),
(1, 2),
(1, 3),
(1, 4),
(1, 5),
(1, 6),
(1, 7),
(1, 8),
(1, 9),
(1, 10),
(1, 11),
(1, 12),
(1, 13),
(1, 14),
(1, 15),
(1, 16),
(1, 17),
(1, 18),
(1, 19),
(1, 20),
(1, 21),
(1, 22),
(1, 23),
(1, 24),
(1, 25),
(2, 1),
(2, 2),
(2, 3),
(2, 4),
(2, 5),
(2, 7),
(2, 8),
(2, 10),
(2, 11),
(2, 12),
(2, 13),
(2, 14),
(2, 15),
(2, 16),
(2, 18),
(2, 19),
(2, 20),
(2, 22),
(2, 23),
(2, 24),
(2, 25),
(3, 1),
(3, 2),
(3, 4),
(3, 7),
(3, 10),
(3, 11),
(3, 12),
(3, 13),
(3, 14),
(3, 15),
(3, 16),
(3, 20),
(3, 22),
(3, 23),
(3, 24);

-- --------------------------------------------------------

--
-- Table structure for table `sensor_data`
--

CREATE TABLE `sensor_data` (
  `sensor_data_id` int(11) NOT NULL,
  `doorbell_id` int(11) NOT NULL,
  `sensor_type` varchar(50) NOT NULL,
  `sensor_value` varchar(50) NOT NULL,
  `reading_timestamp` datetime NOT NULL DEFAULT current_timestamp()
) ENGINE=InnoDB DEFAULT CHARSET=utf8mb4 COLLATE=utf8mb4_general_ci;

-- --------------------------------------------------------

--
-- Table structure for table `users`
--

CREATE TABLE `users` (
  `user_id` int(11) NOT NULL,
  `username` varchar(50) NOT NULL,
  `email` varchar(100) NOT NULL,
  `password_hash` varchar(255) NOT NULL,
  `display_name` varchar(100) DEFAULT NULL,
  `created_at` datetime NOT NULL DEFAULT current_timestamp()
) ENGINE=InnoDB DEFAULT CHARSET=utf8mb4 COLLATE=utf8mb4_general_ci;

--
-- Dumping data for table `users`
--

INSERT INTO `users` (`user_id`, `username`, `email`, `password_hash`, `display_name`, `created_at`) VALUES
(1, 'john_doe', 'john@example.com', '$2y$10$eImiTXuWVxfM37uY4JANjQ==', 'John Doe', '2025-04-05 04:37:14'),
(2, 'alice', 'a@b.com', '$2b$12$.78DShguERnqQAvbMzO4Cun3F2mj0ushfDmECb8hBR8X9qonCBzMS', 'Alice', '2025-04-22 22:55:20'),
(4, 'johnDoe25', 'johnDoe@example.com', '$2b$12$a4jXCzsFvtsgHJyg9Rq9ue/MwuOF6eSqkmxn9OkMxe6G16C.BwbfW', 'John', '2025-05-04 11:39:53');

-- --------------------------------------------------------

--
-- Table structure for table `user_doorbell`
--

CREATE TABLE `user_doorbell` (
  `user_id` int(11) NOT NULL,
  `doorbell_id` int(11) NOT NULL,
  `role_id` int(11) NOT NULL
) ENGINE=InnoDB DEFAULT CHARSET=utf8mb4 COLLATE=utf8mb4_general_ci;

--
-- Dumping data for table `user_doorbell`
--

INSERT INTO `user_doorbell` (`user_id`, `doorbell_id`, `role_id`) VALUES
(2, 1, 1),
(2, 5, 1),
(4, 6, 1),
(4, 1, 2);

-- --------------------------------------------------------

--
-- Table structure for table `user_permissions_override`
--

CREATE TABLE `user_permissions_override` (
  `user_id` int(11) NOT NULL,
  `permission_id` int(11) NOT NULL,
  `is_granted` tinyint(1) NOT NULL
) ENGINE=InnoDB DEFAULT CHARSET=utf8mb4 COLLATE=utf8mb4_general_ci;

--
-- Dumping data for table `user_permissions_override`
--

INSERT INTO `user_permissions_override` (`user_id`, `permission_id`, `is_granted`) VALUES
(2, 2, 1);

-- --------------------------------------------------------

--
-- Table structure for table `user_settings`
--

CREATE TABLE `user_settings` (
  `user_id` int(11) NOT NULL,
  `enable_2fa` tinyint(1) NOT NULL DEFAULT 0,
  `face_login_app` tinyint(1) NOT NULL DEFAULT 0,
  `enable_in_app_alerts` tinyint(1) NOT NULL DEFAULT 1,
  `enable_push_notifications` tinyint(1) NOT NULL DEFAULT 1,
  `notify_new_device_login` tinyint(1) NOT NULL DEFAULT 1,
  `notify_new_user_to_doorbell` tinyint(1) NOT NULL DEFAULT 1,
  `notify_familiar_user_entered` tinyint(1) NOT NULL DEFAULT 1,
  `notify_unfamiliar_guest` tinyint(1) NOT NULL DEFAULT 1,
  `notify_blacklisted_user` tinyint(1) NOT NULL DEFAULT 1
) ENGINE=InnoDB DEFAULT CHARSET=utf8mb4 COLLATE=utf8mb4_general_ci;

--
-- Dumping data for table `user_settings`
--

INSERT INTO `user_settings` (`user_id`, `enable_2fa`, `face_login_app`, `enable_in_app_alerts`, `enable_push_notifications`, `notify_new_device_login`, `notify_new_user_to_doorbell`, `notify_familiar_user_entered`, `notify_unfamiliar_guest`, `notify_blacklisted_user`) VALUES
(2, 0, 0, 1, 1, 1, 1, 1, 1, 1),
(4, 0, 0, 1, 1, 1, 1, 1, 1, 1);

--
-- Indexes for dumped tables
--

--
-- Indexes for table `devices`
--
ALTER TABLE `devices`
  ADD PRIMARY KEY (`device_id`),
  ADD KEY `user_id` (`user_id`);

--
-- Indexes for table `doorbells`
--
ALTER TABLE `doorbells`
  ADD PRIMARY KEY (`doorbell_id`),
  ADD KEY `owner_user_id` (`owner_user_id`);

--
-- Indexes for table `doorbell_logs`
--
ALTER TABLE `doorbell_logs`
  ADD PRIMARY KEY (`log_id`),
  ADD KEY `doorbell_id` (`doorbell_id`),
  ADD KEY `user_id` (`user_id`);

--
-- Indexes for table `doorbell_tokens`
--
ALTER TABLE `doorbell_tokens`
  ADD PRIMARY KEY (`doorbell_token_id`),
  ADD KEY `doorbell_id` (`doorbell_id`);

--
-- Indexes for table `face_profiles`
--
ALTER TABLE `face_profiles`
  ADD PRIMARY KEY (`face_id`),
  ADD KEY `fk_faceprofiles_doorbell` (`doorbell_id`);

--
-- Indexes for table `notif_tokens`
--
ALTER TABLE `notif_tokens`
  ADD PRIMARY KEY (`notif_id`),
  ADD KEY `user_id` (`user_id`),
  ADD KEY `doorbell_id` (`doorbell_id`);

--
-- Indexes for table `permissions`
--
ALTER TABLE `permissions`
  ADD PRIMARY KEY (`permission_id`);

--
-- Indexes for table `recordings`
--
ALTER TABLE `recordings`
  ADD PRIMARY KEY (`recording_id`),
  ADD KEY `doorbell_id` (`doorbell_id`);

--
-- Indexes for table `roles`
--
ALTER TABLE `roles`
  ADD PRIMARY KEY (`role_id`);

--
-- Indexes for table `roles_permissions`
--
ALTER TABLE `roles_permissions`
  ADD PRIMARY KEY (`role_id`,`permission_id`),
  ADD KEY `permission_id` (`permission_id`);

--
-- Indexes for table `sensor_data`
--
ALTER TABLE `sensor_data`
  ADD PRIMARY KEY (`sensor_data_id`),
  ADD KEY `doorbell_id` (`doorbell_id`);

--
-- Indexes for table `users`
--
ALTER TABLE `users`
  ADD PRIMARY KEY (`user_id`),
  ADD UNIQUE KEY `username` (`username`),
  ADD UNIQUE KEY `email` (`email`);

--
-- Indexes for table `user_doorbell`
--
ALTER TABLE `user_doorbell`
  ADD PRIMARY KEY (`user_id`,`doorbell_id`),
  ADD KEY `doorbell_id` (`doorbell_id`),
  ADD KEY `role_id` (`role_id`);

--
-- Indexes for table `user_permissions_override`
--
ALTER TABLE `user_permissions_override`
  ADD PRIMARY KEY (`user_id`,`permission_id`),
  ADD KEY `permission_id` (`permission_id`);

--
-- Indexes for table `user_settings`
--
ALTER TABLE `user_settings`
  ADD PRIMARY KEY (`user_id`);

--
-- AUTO_INCREMENT for dumped tables
--

--
-- AUTO_INCREMENT for table `devices`
--
ALTER TABLE `devices`
  MODIFY `device_id` int(11) NOT NULL AUTO_INCREMENT;

--
-- AUTO_INCREMENT for table `doorbells`
--
ALTER TABLE `doorbells`
  MODIFY `doorbell_id` int(11) NOT NULL AUTO_INCREMENT, AUTO_INCREMENT=7;

--
-- AUTO_INCREMENT for table `doorbell_logs`
--
ALTER TABLE `doorbell_logs`
  MODIFY `log_id` int(11) NOT NULL AUTO_INCREMENT;

--
-- AUTO_INCREMENT for table `doorbell_tokens`
--
ALTER TABLE `doorbell_tokens`
  MODIFY `doorbell_token_id` int(11) NOT NULL AUTO_INCREMENT, AUTO_INCREMENT=2;

--
-- AUTO_INCREMENT for table `face_profiles`
--
ALTER TABLE `face_profiles`
  MODIFY `face_id` int(11) NOT NULL AUTO_INCREMENT, AUTO_INCREMENT=254;

--
-- AUTO_INCREMENT for table `notif_tokens`
--
ALTER TABLE `notif_tokens`
  MODIFY `notif_id` int(11) NOT NULL AUTO_INCREMENT, AUTO_INCREMENT=32;

--
-- AUTO_INCREMENT for table `permissions`
--
ALTER TABLE `permissions`
  MODIFY `permission_id` int(11) NOT NULL AUTO_INCREMENT, AUTO_INCREMENT=26;

--
-- AUTO_INCREMENT for table `recordings`
--
ALTER TABLE `recordings`
  MODIFY `recording_id` int(11) NOT NULL AUTO_INCREMENT;

--
-- AUTO_INCREMENT for table `roles`
--
ALTER TABLE `roles`
  MODIFY `role_id` int(11) NOT NULL AUTO_INCREMENT, AUTO_INCREMENT=5;

--
-- AUTO_INCREMENT for table `sensor_data`
--
ALTER TABLE `sensor_data`
  MODIFY `sensor_data_id` int(11) NOT NULL AUTO_INCREMENT;

--
-- AUTO_INCREMENT for table `users`
--
ALTER TABLE `users`
  MODIFY `user_id` int(11) NOT NULL AUTO_INCREMENT, AUTO_INCREMENT=5;

--
-- Constraints for dumped tables
--

--
-- Constraints for table `devices`
--
ALTER TABLE `devices`
  ADD CONSTRAINT `devices_ibfk_1` FOREIGN KEY (`user_id`) REFERENCES `users` (`user_id`) ON DELETE CASCADE ON UPDATE CASCADE;

--
-- Constraints for table `doorbells`
--
ALTER TABLE `doorbells`
  ADD CONSTRAINT `doorbells_ibfk_1` FOREIGN KEY (`owner_user_id`) REFERENCES `users` (`user_id`) ON UPDATE CASCADE;

--
-- Constraints for table `doorbell_logs`
--
ALTER TABLE `doorbell_logs`
  ADD CONSTRAINT `doorbell_logs_ibfk_1` FOREIGN KEY (`doorbell_id`) REFERENCES `doorbells` (`doorbell_id`) ON DELETE CASCADE ON UPDATE CASCADE,
  ADD CONSTRAINT `doorbell_logs_ibfk_2` FOREIGN KEY (`user_id`) REFERENCES `users` (`user_id`) ON DELETE SET NULL ON UPDATE CASCADE;

--
-- Constraints for table `doorbell_tokens`
--
ALTER TABLE `doorbell_tokens`
  ADD CONSTRAINT `doorbell_tokens_ibfk_1` FOREIGN KEY (`doorbell_id`) REFERENCES `doorbells` (`doorbell_id`) ON DELETE CASCADE ON UPDATE CASCADE;

--
-- Constraints for table `face_profiles`
--
ALTER TABLE `face_profiles`
  ADD CONSTRAINT `fk_faceprofiles_doorbell` FOREIGN KEY (`doorbell_id`) REFERENCES `doorbells` (`doorbell_id`) ON DELETE CASCADE ON UPDATE CASCADE;

--
-- Constraints for table `notif_tokens`
--
ALTER TABLE `notif_tokens`
  ADD CONSTRAINT `notif_tokens_ibfk_1` FOREIGN KEY (`user_id`) REFERENCES `users` (`user_id`) ON DELETE CASCADE ON UPDATE CASCADE,
  ADD CONSTRAINT `notif_tokens_ibfk_2` FOREIGN KEY (`doorbell_id`) REFERENCES `doorbells` (`doorbell_id`) ON DELETE CASCADE ON UPDATE CASCADE;

--
-- Constraints for table `recordings`
--
ALTER TABLE `recordings`
  ADD CONSTRAINT `recordings_ibfk_1` FOREIGN KEY (`doorbell_id`) REFERENCES `doorbells` (`doorbell_id`) ON DELETE CASCADE ON UPDATE CASCADE;

--
-- Constraints for table `roles_permissions`
--
ALTER TABLE `roles_permissions`
  ADD CONSTRAINT `roles_permissions_ibfk_1` FOREIGN KEY (`role_id`) REFERENCES `roles` (`role_id`) ON DELETE CASCADE ON UPDATE CASCADE,
  ADD CONSTRAINT `roles_permissions_ibfk_2` FOREIGN KEY (`permission_id`) REFERENCES `permissions` (`permission_id`) ON DELETE CASCADE ON UPDATE CASCADE;

--
-- Constraints for table `sensor_data`
--
ALTER TABLE `sensor_data`
  ADD CONSTRAINT `sensor_data_ibfk_1` FOREIGN KEY (`doorbell_id`) REFERENCES `doorbells` (`doorbell_id`) ON DELETE CASCADE ON UPDATE CASCADE;

--
-- Constraints for table `user_doorbell`
--
ALTER TABLE `user_doorbell`
  ADD CONSTRAINT `user_doorbell_ibfk_1` FOREIGN KEY (`user_id`) REFERENCES `users` (`user_id`) ON DELETE CASCADE ON UPDATE CASCADE,
  ADD CONSTRAINT `user_doorbell_ibfk_2` FOREIGN KEY (`doorbell_id`) REFERENCES `doorbells` (`doorbell_id`) ON DELETE CASCADE ON UPDATE CASCADE,
  ADD CONSTRAINT `user_doorbell_ibfk_3` FOREIGN KEY (`role_id`) REFERENCES `roles` (`role_id`) ON UPDATE CASCADE;

--
-- Constraints for table `user_permissions_override`
--
ALTER TABLE `user_permissions_override`
  ADD CONSTRAINT `user_permissions_override_ibfk_1` FOREIGN KEY (`user_id`) REFERENCES `users` (`user_id`) ON DELETE CASCADE ON UPDATE CASCADE,
  ADD CONSTRAINT `user_permissions_override_ibfk_2` FOREIGN KEY (`permission_id`) REFERENCES `permissions` (`permission_id`) ON DELETE CASCADE ON UPDATE CASCADE;

--
-- Constraints for table `user_settings`
--
ALTER TABLE `user_settings`
  ADD CONSTRAINT `user_settings_ibfk_1` FOREIGN KEY (`user_id`) REFERENCES `users` (`user_id`) ON DELETE CASCADE ON UPDATE CASCADE;
COMMIT;

/*!40101 SET CHARACTER_SET_CLIENT=@OLD_CHARACTER_SET_CLIENT */;
/*!40101 SET CHARACTER_SET_RESULTS=@OLD_CHARACTER_SET_RESULTS */;
/*!40101 SET COLLATION_CONNECTION=@OLD_COLLATION_CONNECTION */;
